Date,High,Low,Open,Close,Volume,Adj Close,Name
2018-01-02,74.30000305175781,73.48999786376953,74.01000213623047,73.9800033569336,2830000.0,64.286865234375,OXY
2018-01-03,75.11000061035156,74.0,74.04000091552734,75.0,3463300.0,65.1732177734375,OXY
2018-01-04,74.98999786376953,74.11000061035156,74.5999984741211,74.95999908447266,2706100.0,65.13846588134766,OXY
2018-01-05,74.97000122070312,74.25,74.83000183105469,74.55000305175781,3240300.0,64.78217315673828,OXY
2018-01-08,75.23999786376953,74.41000366210938,74.5999984741211,75.19000244140625,3174600.0,65.33833312988281,OXY
2018-01-09,75.44000244140625,74.80999755859375,75.2300033569336,74.88999938964844,2985100.0,65.07762908935547,OXY
2018-01-10,74.94999694824219,74.13999938964844,74.9000015258789,74.25,4094300.0,64.52147674560547,OXY
2018-01-11,75.98999786376953,74.2699966430664,74.63999938964844,75.81999969482422,5061100.0,65.88578033447266,OXY
2018-01-12,76.76000213623047,75.7699966430664,76.0,76.52999877929688,5781100.0,66.50274658203125,OXY
2018-01-16,76.79000091552734,75.2699966430664,76.77999877929688,75.2699966430664,4333100.0,65.4078369140625,OXY
2018-01-17,76.19000244140625,74.95999908447266,75.56999969482422,75.86000061035156,3109900.0,65.92054748535156,OXY
2018-01-18,76.0999984741211,75.37000274658203,75.80999755859375,75.38999938964844,3012400.0,65.51210021972656,OXY
2018-01-19,75.62999725341797,75.0999984741211,75.44999694824219,75.55000305175781,3224800.0,65.65115356445312,OXY
2018-01-22,77.62999725341797,75.73999786376953,75.73999786376953,77.62999725341797,4309400.0,67.4586181640625,OXY
2018-01-23,77.9000015258789,77.22000122070312,77.44999694824219,77.41999816894531,3314000.0,67.27613067626953,OXY
2018-01-24,78.08999633789062,77.06999969482422,77.76000213623047,77.55999755859375,3356100.0,67.39778900146484,OXY
2018-01-25,77.7699966430664,76.68000030517578,77.58000183105469,76.73999786376953,2468700.0,66.68521881103516,OXY
2018-01-26,77.30000305175781,76.48999786376953,76.80000305175781,77.18000030517578,2345900.0,67.06758880615234,OXY
2018-01-29,77.19000244140625,76.08000183105469,76.87999725341797,76.23999786376953,3014800.0,66.25074005126953,OXY
2018-01-30,76.04000091552734,74.68000030517578,75.4800033569336,74.76000213623047,4415200.0,64.96466827392578,OXY
2018-01-31,75.25,74.22000122070312,74.86000061035156,74.97000122070312,4626100.0,65.14715576171875,OXY
2018-02-01,76.27999877929688,74.98999786376953,75.0199966430664,76.0999984741211,3165300.0,66.12908172607422,OXY
2018-02-02,75.19999694824219,73.3499984741211,75.19999694824219,73.58000183105469,5505000.0,63.939273834228516,OXY
2018-02-05,73.87000274658203,70.05000305175781,72.98999786376953,70.91000366210938,5786800.0,61.61910629272461,OXY
2018-02-06,71.66000366210938,69.4000015258789,69.7699966430664,71.22000122070312,5616400.0,61.88848114013672,OXY
2018-02-07,72.19999694824219,69.8499984741211,71.4800033569336,69.87000274658203,5630300.0,60.71537399291992,OXY
2018-02-08,70.16000366210938,68.47000122070312,69.98999786376953,68.47000122070312,7126300.0,59.49880599975586,OXY
2018-02-09,69.41000366210938,65.70999908447266,69.04000091552734,68.18000030517578,5440300.0,59.24679946899414,OXY
2018-02-12,70.52999877929688,68.88999938964844,68.88999938964844,69.87000274658203,3951700.0,60.71537399291992,OXY
2018-02-13,70.16999816894531,69.12000274658203,69.20999908447266,69.72000122070312,4519800.0,60.585018157958984,OXY
2018-02-14,70.19999694824219,66.5999984741211,66.62000274658203,69.8499984741211,8007800.0,60.69797897338867,OXY
2018-02-15,70.05000305175781,67.69000244140625,69.94999694824219,69.43000030517578,5020800.0,60.33301544189453,OXY
2018-02-16,69.41000366210938,68.06999969482422,69.20999908447266,68.16000366210938,5793600.0,59.22941970825195,OXY
2018-02-20,68.87999725341797,67.80999755859375,68.87999725341797,67.98999786376953,5107900.0,59.081695556640625,OXY
2018-02-21,68.69999694824219,67.19000244140625,67.98999786376953,67.20999908447266,5113600.0,58.403892517089844,OXY
2018-02-22,68.80999755859375,67.36000061035156,67.81999969482422,67.91999816894531,3785300.0,59.02085876464844,OXY
2018-02-23,68.8499984741211,67.72000122070312,68.33999633789062,68.31999969482422,3854700.0,59.36845779418945,OXY
2018-02-26,68.41999816894531,67.1500015258789,68.36000061035156,67.2699966430664,7385600.0,58.45601272583008,OXY
2018-02-27,67.9800033569336,66.75,67.61000061035156,66.75,6623600.0,58.00416564941406,OXY
2018-02-28,67.38999938964844,65.58999633789062,67.25,65.5999984741211,8149600.0,57.00483703613281,OXY
2018-03-01,66.38999938964844,65.08000183105469,65.69999694824219,65.62999725341797,5519300.0,57.03089904785156,OXY
2018-03-02,65.8499984741211,64.23999786376953,65.12000274658203,65.63999938964844,3752500.0,57.03959274291992,OXY
2018-03-05,66.37999725341797,65.01000213623047,65.16999816894531,65.91999816894531,4746900.0,57.282920837402344,OXY
2018-03-06,66.51000213623047,65.55999755859375,66.44999694824219,65.66000366210938,4435300.0,57.05698013305664,OXY
2018-03-07,65.70999908447266,64.19999694824219,65.12000274658203,65.19000244140625,4694200.0,56.6485595703125,OXY
2018-03-08,64.55000305175781,62.470001220703125,64.38999938964844,62.959999084472656,9402600.0,55.36468505859375,OXY
2018-03-09,63.7599983215332,63.099998474121094,63.38999938964844,63.66999816894531,12059700.0,55.98903274536133,OXY
2018-03-12,64.54000091552734,63.5,63.75,63.88999938964844,7821500.0,56.1824951171875,OXY
2018-03-13,64.93000030517578,63.91999816894531,64.18000030517578,64.19999694824219,4840300.0,56.45509338378906,OXY
2018-03-14,64.80999755859375,63.93000030517578,64.54000091552734,64.04000091552734,3466700.0,56.31439208984375,OXY
2018-03-15,64.66000366210938,63.209999084472656,64.33999633789062,63.90999984741211,3226100.0,56.20008087158203,OXY
2018-03-16,64.47000122070312,63.630001068115234,64.0,64.44999694824219,6189300.0,56.674930572509766,OXY
2018-03-19,64.20999908447266,63.130001068115234,64.06999969482422,63.650001525878906,4686200.0,55.97145080566406,OXY
2018-03-20,64.7300033569336,63.61000061035156,63.900001525878906,63.90999984741211,4877700.0,56.20008087158203,OXY
2018-03-21,66.51000213623047,64.20999908447266,64.23999786376953,66.04000091552734,4784800.0,58.0731315612793,OXY
2018-03-22,65.9800033569336,64.98999786376953,65.30999755859375,65.18000030517578,6320700.0,57.31687927246094,OXY
2018-03-23,67.37999725341797,65.36000061035156,66.0,65.48999786376953,6253700.0,57.5894660949707,OXY
2018-03-26,67.27999877929688,65.93000030517578,66.22000122070312,67.19999694824219,3938800.0,59.09318923950195,OXY
2018-03-27,67.62000274658203,65.44000244140625,67.31999969482422,65.81999969482422,5378600.0,57.879676818847656,OXY
2018-03-28,65.98999786376953,62.97999954223633,65.95999908447266,63.150001525878906,10391800.0,55.531768798828125,OXY
2018-03-29,65.45999908447266,63.45000076293945,63.58000183105469,64.95999908447266,7823500.0,57.123409271240234,OXY
2018-04-02,65.16000366210938,63.439998626708984,64.86000061035156,64.66999816894531,6816400.0,56.86839294433594,OXY
2018-04-03,66.68000030517578,64.45999908447266,64.87999725341797,66.62999725341797,7486000.0,58.591949462890625,OXY
2018-04-04,66.69000244140625,65.5,65.75,66.62000274658203,6631900.0,58.58316421508789,OXY
2018-04-05,68.02999877929688,66.70999908447266,66.88999938964844,67.7699966430664,7941200.0,59.59441375732422,OXY
2018-04-06,68.11000061035156,66.66999816894531,67.43000030517578,67.52999877929688,6898800.0,59.38336944580078,OXY
2018-04-09,69.69999694824219,67.5999984741211,68.08000183105469,68.93000030517578,7918700.0,60.61448669433594,OXY
2018-04-10,70.83999633789062,69.54000091552734,69.9000015258789,70.51000213623047,7965100.0,62.00387191772461,OXY
2018-04-11,71.94999694824219,70.48999786376953,70.52999877929688,71.68000030517578,4999400.0,63.0327262878418,OXY
2018-04-12,72.25,71.36000061035156,71.7699966430664,71.77999877929688,4736800.0,63.120662689208984,OXY
2018-04-13,73.81999969482422,72.30999755859375,72.4800033569336,73.62999725341797,6321800.0,64.74748229980469,OXY
2018-04-16,74.9800033569336,73.77999877929688,74.44999694824219,74.91000366210938,5205600.0,65.87308502197266,OXY
2018-04-17,75.48999786376953,74.55000305175781,74.94999694824219,75.22000122070312,4187700.0,66.14567565917969,OXY
2018-04-18,76.66000366210938,75.70999908447266,76.13999938964844,75.91999816894531,4276300.0,66.76122283935547,OXY
2018-04-19,76.52999877929688,75.56999969482422,76.20999908447266,75.98999786376953,5457600.0,66.8227767944336,OXY
2018-04-20,76.87999725341797,75.45999908447266,75.80000305175781,76.47000122070312,5027900.0,67.24488830566406,OXY
2018-04-23,77.26000213623047,75.66999816894531,76.2699966430664,77.23999786376953,3220800.0,67.9219970703125,OXY
2018-04-24,78.0199966430664,76.9000015258789,77.44999694824219,77.33999633789062,4876800.0,68.00993347167969,OXY
2018-04-25,77.4000015258789,76.36000061035156,77.25,77.36000061035156,5583100.0,68.02751159667969,OXY
2018-04-26,77.77999877929688,77.1500015258789,77.69999694824219,77.5999984741211,3672100.0,68.23856353759766,OXY
2018-04-27,77.66000366210938,76.76000213623047,77.0999984741211,77.04000091552734,2901700.0,67.74612426757812,OXY
2018-04-30,78.11000061035156,76.9800033569336,76.9800033569336,77.26000213623047,3742400.0,67.9395751953125,OXY
2018-05-01,77.08000183105469,75.97000122070312,76.95999908447266,76.58000183105469,3895000.0,67.34162139892578,OXY
2018-05-02,77.16000366210938,76.36000061035156,76.36000061035156,76.83000183105469,3978300.0,67.56144714355469,OXY
2018-05-03,77.7699966430664,76.2300033569336,76.62999725341797,77.29000091552734,4773200.0,67.96595764160156,OXY
2018-05-04,78.12000274658203,76.69000244140625,76.87999725341797,77.70999908447266,2975000.0,68.33528900146484,OXY
2018-05-07,79.30999755859375,77.2699966430664,78.20999908447266,77.27999877929688,5105400.0,67.95716094970703,OXY
2018-05-08,78.41999816894531,76.54000091552734,77.0199966430664,78.19999694824219,7160000.0,68.76616668701172,OXY
2018-05-09,83.81999969482422,80.70999908447266,80.91000366210938,82.4000015258789,11030000.0,72.4594955444336,OXY
2018-05-10,84.27999877929688,82.55999755859375,82.94999694824219,83.86000061035156,5741200.0,73.74337005615234,OXY
2018-05-11,85.79000091552734,83.2300033569336,83.9000015258789,84.97000122070312,6621300.0,74.719482421875,OXY
2018-05-14,86.13999938964844,84.44000244140625,85.2300033569336,84.88999938964844,6459600.0,74.64911651611328,OXY
2018-05-15,85.02999877929688,83.87999725341797,84.63999938964844,84.2699966430664,4637300.0,74.1039047241211,OXY
2018-05-16,84.69999694824219,83.54000091552734,84.3499984741211,84.26000213623047,5235700.0,74.09512329101562,OXY
2018-05-17,86.23999786376953,84.25,84.66999816894531,86.16000366210938,4935500.0,75.76591491699219,OXY
2018-05-18,86.0999984741211,84.98999786376953,85.98999786376953,85.41999816894531,3498600.0,75.11518096923828,OXY
2018-05-21,86.31999969482422,85.22000122070312,85.9800033569336,85.79000091552734,5806100.0,75.44054412841797,OXY
2018-05-22,86.37999725341797,84.8499984741211,85.72000122070312,84.94999694824219,3827400.0,74.70187377929688,OXY
2018-05-23,85.54000091552734,83.62999725341797,84.31999969482422,85.33000183105469,3507300.0,75.03604125976562,OXY
2018-05-24,84.68000030517578,83.69999694824219,84.43000030517578,83.86000061035156,3319200.0,73.74337005615234,OXY
2018-05-25,83.11000061035156,80.72000122070312,82.41000366210938,82.4000015258789,4152100.0,72.4594955444336,OXY
2018-05-29,82.7699966430664,81.02999877929688,82.48999786376953,81.83000183105469,4130300.0,71.95826721191406,OXY
2018-05-30,84.55999755859375,82.36000061035156,82.37999725341797,84.06999969482422,3781000.0,73.92803192138672,OXY
2018-05-31,84.77999877929688,83.4000015258789,83.58000183105469,84.19999694824219,4861100.0,74.04234313964844,OXY
2018-06-01,86.11000061035156,84.08999633789062,84.6500015258789,85.0999984741211,4940200.0,74.83377838134766,OXY
2018-06-04,86.05999755859375,84.4800033569336,85.73999786376953,85.36000061035156,4312000.0,75.06242370605469,OXY
2018-06-05,87.16999816894531,85.29000091552734,85.6500015258789,85.51000213623047,6391000.0,75.19432830810547,OXY
2018-06-06,87.12000274658203,85.83999633789062,85.91000366210938,86.45999908447266,6534300.0,76.02972412109375,OXY
2018-06-07,87.66999816894531,86.16999816894531,87.0,86.4800033569336,7229000.0,76.04730987548828,OXY
2018-06-08,86.27999877929688,84.66000366210938,86.01000213623047,85.47000122070312,5533200.0,75.83435821533203,OXY
2018-06-11,86.76000213623047,85.29000091552734,85.88999938964844,86.1500015258789,5813400.0,76.43769836425781,OXY
2018-06-12,86.13999938964844,84.55000305175781,85.7699966430664,84.93000030517578,6053600.0,75.35523986816406,OXY
2018-06-13,84.9800033569336,83.91000366210938,84.62000274658203,84.33000183105469,4401600.0,74.82288360595703,OXY
2018-06-14,85.22000122070312,84.26000213623047,84.87999725341797,84.3499984741211,3675600.0,74.84062194824219,OXY
2018-06-15,84.0999984741211,82.83999633789062,84.02999877929688,83.33000183105469,7476900.0,73.93562316894531,OXY
2018-06-18,85.16999816894531,83.19000244140625,83.2699966430664,83.79000091552734,5247200.0,74.34375762939453,OXY
2018-06-19,83.4000015258789,82.16999816894531,82.69999694824219,82.58000183105469,5427000.0,73.2701644897461,OXY
2018-06-20,83.76000213623047,82.70999908447266,82.91999816894531,83.23999786376953,4452500.0,73.85575866699219,OXY
2018-06-21,83.11000061035156,81.68000030517578,83.02999877929688,82.08999633789062,4997400.0,72.83541870117188,OXY
2018-06-22,84.4000015258789,82.87000274658203,84.37999725341797,83.33000183105469,5305100.0,73.93562316894531,OXY
2018-06-25,83.51000213623047,80.83000183105469,83.5,81.3499984741211,3780300.0,72.17884063720703,OXY
2018-06-26,82.9800033569336,81.44999694824219,81.66999816894531,82.68000030517578,3925600.0,73.3589096069336,OXY
2018-06-27,84.69000244140625,83.55000305175781,83.6500015258789,83.7699966430664,5131800.0,74.32601165771484,OXY
2018-06-28,84.69000244140625,83.08000183105469,84.26000213623047,83.4000015258789,3507100.0,73.99772644042969,OXY
2018-06-29,84.83999633789062,83.5999984741211,84.02999877929688,83.68000030517578,3849700.0,74.24615478515625,OXY
2018-07-02,83.20999908447266,82.27999877929688,83.04000091552734,82.5199966430664,3091300.0,73.21692657470703,OXY
2018-07-03,84.80999755859375,83.29000091552734,83.62999725341797,83.86000061035156,2978900.0,74.40586853027344,OXY
2018-07-05,84.4800033569336,83.66000366210938,84.4800033569336,84.19000244140625,3670100.0,74.69866180419922,OXY
2018-07-06,84.69000244140625,83.61000061035156,83.76000213623047,84.25,2801100.0,74.75189971923828,OXY
2018-07-09,85.56999969482422,84.69000244140625,84.69999694824219,85.25,3001600.0,75.63916778564453,OXY
2018-07-10,86.5999984741211,85.52999877929688,85.62000274658203,85.69999694824219,4601500.0,76.0384292602539,OXY
2018-07-11,85.2300033569336,83.45999908447266,84.9000015258789,83.93000030517578,5109400.0,74.46797180175781,OXY
2018-07-12,85.08000183105469,83.0999984741211,84.70999908447266,84.55999755859375,4694100.0,75.02694702148438,OXY
2018-07-13,84.54000091552734,83.44000244140625,84.13999938964844,83.63999938964844,4723700.0,74.21066284179688,OXY
2018-07-16,83.38999938964844,81.33999633789062,82.80000305175781,82.52999877929688,3661700.0,73.2258071899414,OXY
2018-07-17,82.86000061035156,81.61000061035156,82.33000183105469,82.69000244140625,3476100.0,73.36776733398438,OXY
2018-07-18,83.2300033569336,81.29000091552734,82.13999938964844,82.95999908447266,3827000.0,73.6073226928711,OXY
2018-07-19,83.54000091552734,82.55000305175781,82.75,82.9800033569336,3495500.0,73.62507629394531,OXY
2018-07-20,83.33999633789062,82.4800033569336,83.0999984741211,83.08000183105469,2934400.0,73.71381378173828,OXY
2018-07-23,83.56999969482422,82.33999633789062,83.2699966430664,82.44999694824219,3328200.0,73.15483093261719,OXY
2018-07-24,84.58999633789062,82.63999938964844,82.80999755859375,83.45999908447266,7053100.0,74.05097198486328,OXY
2018-07-25,84.93000030517578,83.36000061035156,83.66999816894531,84.33000183105469,4610200.0,74.82288360595703,OXY
2018-07-26,84.6500015258789,83.87000274658203,84.19999694824219,84.16000366210938,4169200.0,74.67204284667969,OXY
2018-07-27,84.23999786376953,83.19000244140625,83.87999725341797,83.47000122070312,2787300.0,74.05982971191406,OXY
2018-07-30,84.2300033569336,83.05000305175781,84.08999633789062,83.30999755859375,3198900.0,73.9178695678711,OXY
2018-07-31,84.55000305175781,83.08000183105469,83.61000061035156,83.93000030517578,5069900.0,74.46797180175781,OXY
2018-08-01,83.26000213623047,82.38999938964844,83.08999633789062,82.63999938964844,3417600.0,73.32340240478516,OXY
2018-08-02,82.55999755859375,81.83999633789062,82.01000213623047,82.23999786376953,3355700.0,72.968505859375,OXY
2018-08-03,82.52999877929688,81.88999938964844,82.0999984741211,82.29000091552734,3281600.0,73.01286315917969,OXY
2018-08-06,82.68000030517578,81.75,82.44999694824219,82.30000305175781,3224200.0,73.02174377441406,OXY
2018-08-07,83.12999725341797,81.81999969482422,82.98999786376953,81.94000244140625,3933400.0,72.70233154296875,OXY
2018-08-08,81.76000213623047,80.33000183105469,81.61000061035156,81.19999694824219,4532100.0,72.04573822021484,OXY
2018-08-09,79.66000366210938,76.0999984741211,79.47000122070312,77.79000091552734,14625200.0,69.02017211914062,OXY
2018-08-10,78.88999938964844,77.30000305175781,77.43000030517578,78.77999877929688,8380600.0,69.89856719970703,OXY
2018-08-13,79.41999816894531,78.0,78.88999938964844,78.13999938964844,6056000.0,69.33073425292969,OXY
2018-08-14,79.91000366210938,78.51000213623047,78.69000244140625,79.66000366210938,5701600.0,70.67936706542969,OXY
2018-08-15,79.23999786376953,76.83999633789062,79.1500015258789,76.93000030517578,6489500.0,68.25714111328125,OXY
2018-08-16,78.87000274658203,77.37999725341797,77.41999816894531,78.0199966430664,5470600.0,69.2242431640625,OXY
2018-08-17,78.97000122070312,78.20999908447266,78.5199966430664,78.55000305175781,4795100.0,69.69450378417969,OXY
2018-08-20,79.37999725341797,78.4000015258789,78.5199966430664,79.01000213623047,3119000.0,70.10264587402344,OXY
2018-08-21,79.56999969482422,78.7300033569336,79.33999633789062,78.88999938964844,3282400.0,69.99615478515625,OXY
2018-08-22,79.80000305175781,79.20999908447266,79.44999694824219,79.33000183105469,2948900.0,70.3865737915039,OXY
2018-08-23,79.18000030517578,78.58999633789062,78.9800033569336,78.9800033569336,2313600.0,70.0760269165039,OXY
2018-08-24,80.44999694824219,79.20999908447266,79.47000122070312,79.33999633789062,2580800.0,70.39543151855469,OXY
2018-08-27,80.31999969482422,79.45999908447266,79.45999908447266,80.20999908447266,2242100.0,71.16735076904297,OXY
2018-08-28,81.06999969482422,79.81999969482422,80.54000091552734,80.11000061035156,3173100.0,71.07862854003906,OXY
2018-08-29,80.9000015258789,80.06999969482422,80.41000366210938,80.2300033569336,3149800.0,71.18511199951172,OXY
2018-08-30,80.33000183105469,79.55000305175781,80.0199966430664,80.12999725341797,3216600.0,71.09635925292969,OXY
2018-08-31,80.19999694824219,79.58000183105469,80.0,79.87000274658203,3227800.0,70.86569213867188,OXY
2018-09-04,80.05999755859375,77.77999877929688,80.04000091552734,79.2699966430664,5131600.0,70.33333587646484,OXY
2018-09-05,79.30999755859375,77.70999908447266,78.75,79.13999938964844,3851000.0,70.21797943115234,OXY
2018-09-06,79.05000305175781,77.1500015258789,79.0,77.56999969482422,4084200.0,68.82498168945312,OXY
2018-09-07,77.19000244140625,75.8499984741211,76.23999786376953,76.6500015258789,3317500.0,68.69950866699219,OXY
2018-09-10,77.77999877929688,76.83999633789062,77.0,76.87999725341797,2732100.0,68.90564727783203,OXY
2018-09-11,77.73999786376953,76.41999816894531,76.62999725341797,77.12000274658203,4164700.0,69.12074279785156,OXY
2018-09-12,77.87999725341797,75.29000091552734,77.61000061035156,75.73999786376953,5535700.0,67.8838882446289,OXY
2018-09-13,76.97000122070312,74.69000244140625,75.45999908447266,76.63999938964844,7684700.0,68.6905288696289,OXY
2018-09-14,78.04000091552734,76.7300033569336,76.7300033569336,77.58000183105469,4672700.0,69.53304290771484,OXY
2018-09-17,78.06999969482422,77.4000015258789,77.79000091552734,77.5999984741211,3000600.0,69.55096435546875,OXY
2018-09-18,79.9800033569336,78.54000091552734,78.88999938964844,78.87999725341797,3789700.0,70.69820404052734,OXY
2018-09-19,79.9000015258789,78.22000122070312,78.9000015258789,79.37999725341797,3785000.0,71.14633178710938,OXY
2018-09-20,79.8499984741211,78.70999908447266,79.63999938964844,79.2300033569336,3752900.0,71.01189422607422,OXY
2018-09-21,79.76000213623047,78.30999755859375,79.62999725341797,79.5999984741211,8385900.0,71.34352111816406,OXY
2018-09-24,81.80000305175781,80.06999969482422,80.33999633789062,80.75,4700600.0,72.37423706054688,OXY
2018-09-25,81.58999633789062,80.7699966430664,81.23999786376953,81.30999755859375,5316300.0,72.87614440917969,OXY
2018-09-26,82.12999725341797,80.81999969482422,80.86000061035156,81.01000213623047,4221400.0,72.60726928710938,OXY
2018-09-27,81.58000183105469,80.45999908447266,81.44000244140625,81.16999816894531,5241400.0,72.75067138671875,OXY
2018-09-28,83.08000183105469,80.62000274658203,80.75,82.16999816894531,6414600.0,73.6469497680664,OXY
2018-10-01,83.30000305175781,82.05000305175781,82.31999969482422,83.12999725341797,4169600.0,74.50736999511719,OXY
2018-10-02,83.3499984741211,82.48999786376953,83.2699966430664,82.87000274658203,3474200.0,74.27433776855469,OXY
2018-10-03,83.02999877929688,81.79000091552734,82.93000030517578,82.44999694824219,3871200.0,73.89789581298828,OXY
2018-10-04,82.62999725341797,81.5,81.91000366210938,82.18000030517578,3960700.0,73.65589904785156,OXY
2018-10-05,82.31999969482422,81.02999877929688,82.16999816894531,81.4000015258789,3254500.0,72.9568099975586,OXY
2018-10-08,81.97000122070312,80.62999725341797,80.9000015258789,81.75,5287700.0,73.2705078125,OXY
2018-10-09,82.80999755859375,81.58000183105469,82.18000030517578,82.2300033569336,3328600.0,73.70072937011719,OXY
2018-10-10,82.58000183105469,77.86000061035156,82.37999725341797,77.91999816894531,5059200.0,69.83777618408203,OXY
2018-10-11,77.83999633789062,76.0,77.69999694824219,76.52999877929688,5673700.0,68.59194946289062,OXY
2018-10-12,77.63999938964844,75.72000122070312,77.41000366210938,76.95999908447266,4274500.0,68.97734069824219,OXY
2018-10-15,75.37000274658203,72.0199966430664,74.97000122070312,72.23999786376953,9755700.0,64.7469253540039,OXY
2018-10-16,73.97000122070312,72.1500015258789,73.88999938964844,73.12000274658203,7987500.0,65.53565979003906,OXY
2018-10-17,73.08000183105469,71.94999694824219,72.80000305175781,72.91999816894531,5399200.0,65.35639190673828,OXY
2018-10-18,72.69000244140625,71.51000213623047,72.30999755859375,71.9000015258789,5417200.0,64.44219970703125,OXY
2018-10-19,73.5199966430664,71.87000274658203,71.87000274658203,72.18000030517578,5693600.0,64.69315338134766,OXY
2018-10-22,72.51000213623047,71.25,72.4000015258789,72.29000091552734,4341200.0,64.79175567626953,OXY
2018-10-23,71.0999984741211,69.91000366210938,71.0,70.63999938964844,5664700.0,63.31290054321289,OXY
2018-10-24,71.5,68.16000366210938,71.02999877929688,68.2300033569336,7294200.0,61.15286636352539,OXY
2018-10-25,69.66000366210938,68.0199966430664,69.12999725341797,68.6500015258789,5413800.0,61.52930450439453,OXY
2018-10-26,68.69000244140625,66.83999633789062,67.94000244140625,67.91000366210938,6326500.0,60.866050720214844,OXY
2018-10-29,68.55999755859375,65.6500015258789,68.27999877929688,66.45999908447266,4507400.0,59.566463470458984,OXY
2018-10-30,67.70999908447266,66.05999755859375,66.41999816894531,67.55000305175781,4770700.0,60.54340362548828,OXY
2018-10-31,69.13999938964844,67.02999877929688,68.20999908447266,67.06999969482422,4994800.0,60.11318588256836,OXY
2018-11-01,68.6500015258789,66.86000061035156,67.18000030517578,68.3499984741211,6132700.0,61.26042175292969,OXY
2018-11-02,69.12999725341797,67.56999969482422,68.7300033569336,68.30999755859375,6663900.0,61.22456359863281,OXY
2018-11-05,70.62000274658203,68.69999694824219,68.93000030517578,69.94999694824219,7969800.0,62.69446563720703,OXY
2018-11-06,75.11000061035156,71.13999938964844,74.30000305175781,73.33999633789062,11077000.0,65.73282623291016,OXY
2018-11-07,75.79000091552734,73.29000091552734,74.94000244140625,73.72000122070312,5995300.0,66.07341003417969,OXY
2018-11-08,73.83999633789062,72.2699966430664,73.52999877929688,72.62999725341797,4441400.0,65.09647369384766,OXY
2018-11-09,74.1500015258789,70.9000015258789,71.70999908447266,73.55000305175781,6984100.0,65.92105865478516,OXY
2018-11-12,74.29000091552734,71.81999969482422,74.29000091552734,72.16000366210938,5204400.0,64.67522430419922,OXY
2018-11-13,72.66999816894531,70.47000122070312,72.12999725341797,70.77999877929688,5500400.0,63.438358306884766,OXY
2018-11-14,72.47000122070312,70.29000091552734,72.12000274658203,70.94999694824219,5873800.0,63.590728759765625,OXY
2018-11-15,72.73999786376953,69.69999694824219,70.51000213623047,72.58999633789062,4813100.0,65.06062316894531,OXY
2018-11-16,73.61000061035156,72.25,72.91999816894531,73.37999725341797,4761900.0,65.7686767578125,OXY
2018-11-19,73.63999938964844,72.4800033569336,72.61000061035156,73.36000061035156,5149600.0,65.7507553100586,OXY
2018-11-20,72.77999877929688,69.70999908447266,72.5199966430664,70.30000305175781,4476500.0,63.00815963745117,OXY
2018-11-21,73.04000091552734,70.51000213623047,70.58999633789062,72.08000183105469,4505500.0,64.60353088378906,OXY
2018-11-23,70.5,69.05000305175781,70.5,69.83000183105469,3248800.0,62.586910247802734,OXY
2018-11-26,71.31999969482422,70.26000213623047,70.47000122070312,70.63999938964844,4534300.0,63.31290054321289,OXY
2018-11-27,70.38999938964844,68.81999969482422,70.1500015258789,69.37999725341797,5545900.0,62.1835823059082,OXY
2018-11-28,70.70999908447266,67.51000213623047,69.2699966430664,70.70999908447266,4660100.0,63.37562942504883,OXY
2018-11-29,71.69999694824219,70.51000213623047,70.70999908447266,70.91000366210938,3615200.0,63.55488586425781,OXY
2018-11-30,71.0,69.12999725341797,70.25,70.2699966430664,5947800.0,62.98126220703125,OXY
2018-12-03,72.43000030517578,70.54000091552734,72.04000091552734,71.31999969482422,5019100.0,63.922359466552734,OXY
2018-12-04,71.80000305175781,68.80000305175781,71.5999984741211,69.66999816894531,4455900.0,62.44350814819336,OXY
2018-12-06,68.47000122070312,65.88999938964844,68.44999694824219,67.5199966430664,7532700.0,60.51650619506836,OXY
2018-12-07,68.62999725341797,66.41000366210938,67.69000244140625,66.54000091552734,5494600.0,60.33516311645508,OXY
2018-12-10,66.06999969482422,62.56999969482422,65.70999908447266,64.44000244140625,6135500.0,58.430992126464844,OXY
2018-12-11,65.63999938964844,63.810001373291016,65.38999938964844,64.69999694824219,6031000.0,58.6667366027832,OXY
2018-12-12,66.66999816894531,65.37000274658203,65.72000122070312,65.41000366210938,6621400.0,59.31053161621094,OXY
2018-12-13,67.0,64.7300033569336,65.25,66.68000030517578,6730400.0,60.46210479736328,OXY
2018-12-14,66.56999969482422,64.52999877929688,66.12999725341797,65.0999984741211,5090200.0,59.02943801879883,OXY
2018-12-17,65.76000213623047,63.58000183105469,64.81999969482422,64.11000061035156,5665600.0,58.13175964355469,OXY
2018-12-18,64.31999969482422,62.56999969482422,64.05000305175781,63.13999938964844,5804700.0,57.25221252441406,OXY
2018-12-19,64.36000061035156,61.52000045776367,63.79999923706055,62.2400016784668,6612100.0,56.436134338378906,OXY
2018-12-20,62.380001068115234,60.029998779296875,61.209999084472656,60.630001068115234,7295300.0,54.97626876831055,OXY
2018-12-21,61.54999923706055,59.599998474121094,60.40999984741211,59.97999954223633,12543000.0,54.386878967285156,OXY
2018-12-24,59.83000183105469,57.11000061035156,59.41999816894531,57.11000061035156,4131100.0,51.78450393676758,OXY
2018-12-26,60.630001068115234,56.83000183105469,57.619998931884766,60.599998474121094,7171400.0,54.94906234741211,OXY
2018-12-27,60.779998779296875,58.52000045776367,59.45000076293945,60.7599983215332,6814700.0,55.09414291381836,OXY
2018-12-28,61.459999084472656,60.18000030517578,61.189998626708984,60.470001220703125,5029100.0,54.8311882019043,OXY
2018-12-31,61.5,60.5099983215332,60.779998779296875,61.380001068115234,5126200.0,55.656333923339844,OXY
2019-01-02,62.400001525878906,59.720001220703125,60.52000045776367,62.0,5355300.0,56.21851348876953,OXY
2019-01-03,62.400001525878906,60.72999954223633,62.18000030517578,61.2400016784668,5465500.0,55.529388427734375,OXY
2019-01-04,63.41999816894531,62.029998779296875,62.279998779296875,63.209999084472656,6367400.0,57.31568145751953,OXY
2019-01-07,65.33000183105469,62.75,63.54999923706055,64.4800033569336,5771600.0,58.467254638671875,OXY
2019-01-08,66.30999755859375,64.9000015258789,65.30000305175781,64.98999786376953,5420100.0,58.9296989440918,OXY
2019-01-09,66.22000122070312,65.25,65.4800033569336,65.77999877929688,4515800.0,59.646026611328125,OXY
2019-01-10,66.27999877929688,65.04000091552734,65.80999755859375,66.19000244140625,4983200.0,60.017799377441406,OXY
2019-01-11,66.25,65.19000244140625,65.66000366210938,66.22000122070312,3894600.0,60.04499816894531,OXY
2019-01-14,66.47000122070312,65.4000015258789,65.44999694824219,65.58000183105469,6604000.0,59.46467971801758,OXY
2019-01-15,66.52999877929688,65.3499984741211,65.80999755859375,65.5199966430664,4499700.0,59.4102783203125,OXY
2019-01-16,65.66999816894531,65.08000183105469,65.51000213623047,65.13999938964844,4484500.0,59.065711975097656,OXY
2019-01-17,66.0999984741211,64.44999694824219,64.6500015258789,65.83000183105469,4767500.0,59.69137191772461,OXY
2019-01-18,67.2300033569336,65.86000061035156,66.55999755859375,67.02999877929688,4596200.0,60.77946853637695,OXY
2019-01-22,66.4000015258789,64.86000061035156,66.3499984741211,65.12000274658203,4140800.0,59.04757308959961,OXY
2019-01-23,65.70999908447266,63.939998626708984,65.26000213623047,64.56999969482422,3730600.0,58.54886245727539,OXY
2019-01-24,65.16000366210938,64.01000213623047,64.54000091552734,64.9800033569336,4035100.0,58.9206428527832,OXY
2019-01-25,66.69999694824219,65.41999816894531,65.55000305175781,66.52999877929688,3474700.0,60.32609558105469,OXY
2019-01-28,66.13999938964844,64.98999786376953,65.63999938964844,66.08000183105469,3795300.0,59.91805648803711,OXY
2019-01-29,66.81999969482422,66.0,66.56999969482422,66.4800033569336,3887200.0,60.280765533447266,OXY
2019-01-30,67.45999908447266,66.44000244140625,66.95999908447266,66.97000122070312,3894100.0,60.725067138671875,OXY
2019-01-31,67.38999938964844,66.20999908447266,67.27999877929688,66.77999877929688,5914100.0,60.55278015136719,OXY
2019-02-01,68.2300033569336,66.77999877929688,67.26000213623047,68.04000091552734,5387200.0,61.695281982421875,OXY
2019-02-04,67.91000366210938,67.12999725341797,67.47000122070312,67.73999786376953,3250900.0,61.42325973510742,OXY
2019-02-05,67.63999938964844,67.01000213623047,67.61000061035156,67.30000305175781,2916300.0,61.0242919921875,OXY
2019-02-06,67.16000366210938,66.4800033569336,66.83999633789062,66.62999725341797,3205500.0,60.41676712036133,OXY
2019-02-07,66.20999908447266,64.45999908447266,66.0999984741211,64.91999816894531,4421700.0,58.8662223815918,OXY
2019-02-08,64.9800033569336,63.380001068115234,64.5999984741211,64.95999908447266,4651500.0,58.902496337890625,OXY
2019-02-11,65.05999755859375,63.939998626708984,64.4800033569336,64.83999633789062,5489500.0,58.79368209838867,OXY
2019-02-12,66.2699966430664,65.58000183105469,65.86000061035156,65.75,3903100.0,59.61883544921875,OXY
2019-02-13,68.05000305175781,64.87999725341797,66.12999725341797,65.8499984741211,7206200.0,59.70949935913086,OXY
2019-02-14,67.36000061035156,65.29000091552734,65.68000030517578,66.56999969482422,5701600.0,60.36236572265625,OXY
2019-02-15,68.26000213623047,66.5,67.56999969482422,67.19000244140625,6058100.0,60.9245491027832,OXY
2019-02-19,67.75,65.63999938964844,65.69000244140625,67.62999725341797,5082900.0,61.32351303100586,OXY
2019-02-20,68.30999755859375,67.3499984741211,67.5,68.25,4017600.0,61.88570785522461,OXY
2019-02-21,68.19000244140625,66.41000366210938,68.19000244140625,66.5999984741211,4122700.0,60.38956832885742,OXY
2019-02-22,67.20999908447266,65.73999786376953,67.18000030517578,65.93000030517578,5035900.0,59.78204345703125,OXY
2019-02-25,66.37000274658203,65.66999816894531,65.77999877929688,66.2300033569336,3594600.0,60.05406951904297,OXY
2019-02-26,66.87999725341797,65.95999908447266,66.27999877929688,66.04000091552734,2764700.0,59.88179016113281,OXY
2019-02-27,67.2699966430664,66.08000183105469,66.30999755859375,66.6500015258789,2959300.0,60.434913635253906,OXY
2019-02-28,66.66000366210938,65.37000274658203,66.6500015258789,66.1500015258789,3856300.0,59.981536865234375,OXY
2019-03-01,67.56999969482422,66.37000274658203,66.37000274658203,67.55000305175781,3866000.0,61.25098419189453,OXY
2019-03-04,67.9800033569336,66.41000366210938,67.76000213623047,67.44999694824219,4198600.0,61.16030502319336,OXY
2019-03-05,67.83000183105469,66.80999755859375,67.41999816894531,67.52999877929688,3699200.0,61.23284149169922,OXY
2019-03-06,67.41000366210938,65.86000061035156,67.13999938964844,66.19000244140625,4453400.0,60.017799377441406,OXY
2019-03-07,66.30000305175781,65.5,66.2300033569336,65.73999786376953,3156900.0,59.60976028442383,OXY
2019-03-08,64.08999633789062,62.119998931884766,64.08999633789062,62.709999084472656,5581500.0,57.54507064819336,OXY
2019-03-11,63.970001220703125,62.810001373291016,63.27000045776367,63.880001068115234,3770000.0,58.61871337890625,OXY
2019-03-12,64.5,63.93000030517578,64.19000244140625,64.19999694824219,3195500.0,58.912349700927734,OXY
2019-03-13,65.16999816894531,64.30999755859375,64.72000122070312,65.05999755859375,2561600.0,59.701515197753906,OXY
2019-03-14,65.48999786376953,64.94999694824219,64.97000122070312,65.20999908447266,2446300.0,59.83917236328125,OXY
2019-03-15,65.5999984741211,64.8499984741211,64.86000061035156,65.47000122070312,5602900.0,60.077754974365234,OXY
2019-03-18,67.08999633789062,65.63999938964844,65.76000213623047,67.01000213623047,3256800.0,61.49092483520508,OXY
2019-03-19,67.79000091552734,65.94000244140625,67.36000061035156,66.16999816894531,3695500.0,60.72010040283203,OXY
2019-03-20,67.73999786376953,65.91000366210938,66.02999877929688,67.26000213623047,5112800.0,61.72032928466797,OXY
2019-03-21,67.30000305175781,66.4800033569336,66.95999908447266,67.23999786376953,5284600.0,61.70197296142578,OXY
2019-03-22,66.8499984741211,65.12999725341797,66.75,65.23999786376953,6138600.0,59.866695404052734,OXY
2019-03-25,65.33000183105469,64.51000213623047,65.2699966430664,65.12999725341797,6588600.0,59.76575469970703,OXY
2019-03-26,67.48999786376953,65.70999908447266,65.87999725341797,67.08000183105469,5885500.0,61.55516052246094,OXY
2019-03-27,67.20999908447266,65.86000061035156,67.20999908447266,66.3499984741211,3559800.0,60.88526916503906,OXY
2019-03-28,66.66000366210938,65.80000305175781,65.93000030517578,66.56999969482422,2522500.0,61.087154388427734,OXY
2019-03-29,67.4800033569336,66.05000305175781,67.27999877929688,66.19999694824219,3190400.0,60.74762725830078,OXY
2019-04-01,67.27999877929688,66.54000091552734,66.88999938964844,67.18000030517578,2809900.0,61.64691162109375,OXY
2019-04-02,67.62999725341797,66.19000244140625,67.20999908447266,66.62999725341797,3312400.0,61.142215728759766,OXY
2019-04-03,67.2300033569336,65.83999633789062,67.2300033569336,66.05999755859375,3056700.0,60.61915969848633,OXY
2019-04-04,66.62000274658203,65.56999969482422,66.11000061035156,66.44000244140625,2855700.0,60.967872619628906,OXY
2019-04-05,68.36000061035156,66.6500015258789,66.66000366210938,68.04000091552734,3808400.0,62.43608093261719,OXY
2019-04-08,68.83000183105469,67.86000061035156,68.3499984741211,68.37000274658203,2527700.0,62.73891830444336,OXY
2019-04-09,68.18000030517578,66.9800033569336,68.02999877929688,67.27999877929688,3301400.0,61.73867416381836,OXY
2019-04-10,67.69999694824219,66.98999786376953,67.4800033569336,67.18000030517578,3645800.0,61.64691162109375,OXY
2019-04-11,67.56999969482422,66.44000244140625,66.76000213623047,67.18000030517578,2956400.0,61.64691162109375,OXY
2019-04-12,66.44999694824219,64.04000091552734,66.04000091552734,65.33000183105469,10070600.0,59.94928741455078,OXY
2019-04-15,65.25,62.77000045776367,65.16000366210938,63.36000061035156,11793400.0,58.14154052734375,OXY
2019-04-16,64.70999908447266,63.18000030517578,63.52000045776367,63.66999816894531,11094100.0,58.42601013183594,OXY
2019-04-17,64.5999984741211,62.529998779296875,64.0199966430664,62.650001525878906,6554000.0,57.490020751953125,OXY
2019-04-18,62.79999923706055,61.790000915527344,62.650001525878906,61.81999969482422,8480700.0,56.72837829589844,OXY
2019-04-22,63.310001373291016,62.04999923706055,62.349998474121094,63.04999923706055,5873700.0,57.85707092285156,OXY
2019-04-23,62.95000076293945,61.75,62.93000030517578,62.36000061035156,10307300.0,57.22390365600586,OXY
2019-04-24,62.119998931884766,59.7599983215332,59.810001373291016,62.0,28235200.0,56.893550872802734,OXY
2019-04-25,63.41999816894531,60.2599983215332,60.77000045776367,61.84000015258789,16502800.0,56.74673080444336,OXY
2019-04-26,61.79999923706055,60.0099983215332,61.599998474121094,61.310001373291016,10170800.0,56.26038360595703,OXY
2019-04-29,60.599998474121094,59.59000015258789,60.060001373291016,60.130001068115234,9112800.0,55.177574157714844,OXY
2019-04-30,59.29999923706055,57.540000915527344,58.650001525878906,58.880001068115234,24103900.0,54.03052520751953,OXY
2019-05-01,59.27000045776367,57.47999954223633,59.099998474121094,57.47999954223633,11084200.0,52.74583053588867,OXY
2019-05-02,57.86000061035156,56.95000076293945,57.40999984741211,57.349998474121094,18795100.0,52.62653732299805,OXY
2019-05-03,58.599998474121094,57.689998626708984,57.970001220703125,57.95000076293945,10790000.0,53.177120208740234,OXY
2019-05-06,59.18000030517578,56.939998626708984,57.33000183105469,58.77000045776367,25494800.0,53.9295768737793,OXY
2019-05-07,59.77000045776367,58.16999816894531,58.40999984741211,59.689998626708984,21567200.0,54.773807525634766,OXY
2019-05-08,60.72999954223633,59.400001525878906,59.7599983215332,60.209999084472656,17378500.0,55.250980377197266,OXY
2019-05-09,57.130001068115234,56.119998931884766,56.849998474121094,56.33000183105469,36678600.0,51.690547943115234,OXY
2019-05-10,56.58000183105469,54.5,56.34000015258789,54.970001220703125,17791400.0,50.44255828857422,OXY
2019-05-13,54.75,53.5099983215332,54.56999969482422,54.16999816894531,12889800.0,49.70844650268555,OXY
2019-05-14,55.0099983215332,54.150001525878906,54.31999969482422,54.54999923706055,7195100.0,50.05714797973633,OXY
2019-05-15,54.2599983215332,53.119998931884766,54.11000061035156,54.25,13684500.0,49.7818603515625,OXY
2019-05-16,54.619998931884766,53.529998779296875,54.349998474121094,53.75,10655200.0,49.323036193847656,OXY
2019-05-17,53.40999984741211,52.619998931884766,53.279998779296875,52.7599983215332,13991500.0,48.414573669433594,OXY
2019-05-20,53.52000045776367,52.7599983215332,52.869998931884766,53.459999084472656,9405500.0,49.05692672729492,OXY
2019-05-21,53.65999984741211,52.869998931884766,53.290000915527344,53.5099983215332,12046600.0,49.10280227661133,OXY
2019-05-22,53.599998474121094,52.470001220703125,53.20000076293945,52.779998779296875,13530500.0,48.43292999267578,OXY
2019-05-23,52.939998626708984,51.290000915527344,51.959999084472656,52.90999984741211,21382600.0,48.55221939086914,OXY
2019-05-24,53.97999954223633,53.029998779296875,53.349998474121094,53.470001220703125,14996800.0,49.06610107421875,OXY
2019-05-28,53.779998779296875,52.279998779296875,53.68000030517578,52.279998779296875,8680400.0,47.9741096496582,OXY
2019-05-29,52.13999938964844,51.040000915527344,51.90999984741211,52.0,9055400.0,47.71717071533203,OXY
2019-05-30,53.16999816894531,51.36000061035156,51.939998626708984,51.90999984741211,16919000.0,47.63459014892578,OXY
2019-05-31,51.380001068115234,49.689998626708984,51.150001525878906,49.77000045776367,11162300.0,45.670841217041016,OXY
2019-06-03,50.599998474121094,49.04999923706055,50.29999923706055,49.31999969482422,11148500.0,45.257904052734375,OXY
2019-06-04,50.11000061035156,49.31999969482422,49.63999938964844,49.689998626708984,8835700.0,45.59742736816406,OXY
2019-06-05,49.63999938964844,47.0,49.61000061035156,47.43000030517578,18563800.0,43.523563385009766,OXY
2019-06-06,49.209999084472656,47.650001525878906,47.75,49.040000915527344,11660800.0,45.0009651184082,OXY
2019-06-07,48.56999969482422,47.63999938964844,48.56999969482422,47.84000015258789,11714200.0,44.60932922363281,OXY
2019-06-10,48.59000015258789,47.70000076293945,48.08000183105469,47.900001525878906,9861500.0,44.66527557373047,OXY
2019-06-11,49.290000915527344,48.150001525878906,48.66999816894531,49.04999923706055,12867800.0,45.737613677978516,OXY
2019-06-12,48.900001525878906,47.869998931884766,48.72999954223633,48.790000915527344,7644400.0,45.49517059326172,OXY
2019-06-13,49.79999923706055,49.13999938964844,49.56999969482422,49.72999954223633,8013700.0,46.3716926574707,OXY
2019-06-14,49.83000183105469,49.20000076293945,49.7599983215332,49.310001373291016,7779300.0,45.98005676269531,OXY
2019-06-17,50.380001068115234,48.959999084472656,49.290000915527344,49.810001373291016,7424500.0,46.4462890625,OXY
2019-06-18,50.470001220703125,49.75,50.04999923706055,50.349998474121094,9473900.0,46.94982147216797,OXY
2019-06-19,51.029998779296875,50.0,50.22999954223633,50.29999923706055,8907700.0,46.9031982421875,OXY
2019-06-20,51.599998474121094,50.56999969482422,51.08000183105469,51.29999923706055,7389500.0,47.835670471191406,OXY
2019-06-21,51.630001068115234,50.45000076293945,51.43000030517578,50.61000061035156,10298500.0,47.1922721862793,OXY
2019-06-24,50.650001525878906,49.68000030517578,50.33000183105469,49.88999938964844,9648100.0,46.5208854675293,OXY
2019-06-25,49.939998626708984,49.34000015258789,49.619998931884766,49.380001068115234,4574900.0,46.04533386230469,OXY
2019-06-26,51.25,49.61000061035156,49.869998931884766,50.41999816894531,7025100.0,47.01509475708008,OXY
2019-06-27,50.650001525878906,49.61000061035156,50.36000061035156,49.75,5387200.0,46.390342712402344,OXY
2019-06-28,50.279998779296875,49.540000915527344,49.849998474121094,50.279998779296875,6752100.0,46.884552001953125,OXY
2019-07-01,51.36000061035156,49.68000030517578,51.0,49.779998779296875,7251200.0,46.41831588745117,OXY
2019-07-02,49.77000045776367,47.95000076293945,49.77000045776367,48.779998779296875,10160700.0,45.48584747314453,OXY
2019-07-03,49.25,48.54999923706055,48.869998931884766,49.16999816894531,4435200.0,45.849510192871094,OXY
2019-07-05,49.560001373291016,48.869998931884766,49.130001068115234,49.279998779296875,5613200.0,45.952083587646484,OXY
2019-07-08,49.5099983215332,49.0099983215332,49.25,49.29999923706055,4740300.0,45.970733642578125,OXY
2019-07-09,49.68000030517578,48.70000076293945,49.27000045776367,49.61000061035156,7461100.0,46.259796142578125,OXY
2019-07-10,50.38999938964844,49.45000076293945,50.08000183105469,50.2400016784668,7594700.0,46.847251892089844,OXY
2019-07-11,50.540000915527344,50.06999969482422,50.41999816894531,50.439998626708984,6399400.0,47.03374481201172,OXY
2019-07-12,52.11000061035156,50.400001525878906,50.56999969482422,51.720001220703125,9102800.0,48.22731018066406,OXY
2019-07-15,51.970001220703125,51.29999923706055,51.81999969482422,51.630001068115234,10130400.0,48.14338684082031,OXY
2019-07-16,51.439998626708984,50.70000076293945,51.290000915527344,51.099998474121094,8790200.0,47.64917755126953,OXY
2019-07-17,51.54999923706055,50.90999984741211,51.029998779296875,51.18000030517578,7615300.0,47.72377014160156,OXY
2019-07-18,51.13999938964844,50.619998931884766,51.0,51.0099983215332,9689000.0,47.56525421142578,OXY
2019-07-19,52.41999816894531,50.849998474121094,51.040000915527344,52.33000183105469,7196300.0,48.796112060546875,OXY
2019-07-22,52.70000076293945,51.470001220703125,52.349998474121094,52.5099983215332,5995900.0,48.963958740234375,OXY
2019-07-23,52.650001525878906,51.59000015258789,52.619998931884766,51.79999923706055,5822600.0,48.30190658569336,OXY
2019-07-24,52.66999816894531,51.81999969482422,51.849998474121094,52.04999923706055,6096000.0,48.5350227355957,OXY
2019-07-25,52.33000183105469,51.029998779296875,52.22999954223633,51.13999938964844,6627400.0,47.68647766113281,OXY
2019-07-26,51.869998931884766,51.08000183105469,51.2599983215332,51.59000015258789,5452200.0,48.10608673095703,OXY
2019-07-29,51.63999938964844,50.29999923706055,51.56999969482422,50.90999984741211,6412100.0,47.472015380859375,OXY
2019-07-30,52.470001220703125,50.52000045776367,50.68000030517578,52.470001220703125,7420300.0,48.92666244506836,OXY
2019-07-31,52.400001525878906,50.790000915527344,52.25,51.36000061035156,12342300.0,47.89161682128906,OXY
2019-08-01,54.04999923706055,50.91999816894531,51.0,53.16999816894531,14069700.0,49.57938766479492,OXY
2019-08-02,53.15999984741211,50.77000045776367,53.0,51.18000030517578,12206900.0,47.72377014160156,OXY
2019-08-05,50.459999084472656,49.099998474121094,50.25,49.41999816894531,9977700.0,46.08262634277344,OXY
2019-08-06,49.630001068115234,46.7599983215332,49.630001068115234,47.58000183105469,13008000.0,44.36688995361328,OXY
2019-08-07,46.939998626708984,44.880001068115234,46.689998626708984,46.0,16687000.0,42.893585205078125,OXY
2019-08-08,47.470001220703125,45.13999938964844,46.56999969482422,47.130001068115234,23937100.0,43.9472770690918,OXY
2019-08-09,47.939998626708984,46.79999923706055,46.849998474121094,47.130001068115234,9879700.0,43.9472770690918,OXY
2019-08-12,46.97999954223633,44.93000030517578,46.95000076293945,44.9900016784668,12558200.0,41.9517936706543,OXY
2019-08-13,44.9900016784668,44.0099983215332,44.7400016784668,44.7599983215332,17633500.0,41.73732376098633,OXY
2019-08-14,44.029998779296875,43.08000183105469,43.790000915527344,43.70000076293945,16953400.0,40.7489013671875,OXY
2019-08-15,44.47999954223633,43.150001525878906,43.599998474121094,43.959999084472656,9352900.0,40.9913444519043,OXY
2019-08-16,44.83000183105469,44.0099983215332,44.130001068115234,44.56999969482422,8513800.0,41.56015396118164,OXY
2019-08-19,45.959999084472656,44.75,44.790000915527344,45.58000183105469,9850700.0,42.501949310302734,OXY
2019-08-20,45.900001525878906,45.15999984741211,45.61000061035156,45.2599983215332,7379100.0,42.20355987548828,OXY
2019-08-21,45.459999084472656,44.16999816894531,45.09000015258789,45.060001373291016,8500300.0,42.01706314086914,OXY
2019-08-22,45.7599983215332,44.689998626708984,45.2599983215332,44.70000076293945,5863400.0,41.681373596191406,OXY
2019-08-23,44.130001068115234,42.16999816894531,44.04999923706055,42.369998931884766,12545900.0,39.50871658325195,OXY
2019-08-26,43.0099983215332,41.83000183105469,42.939998626708984,42.130001068115234,8304200.0,39.28492736816406,OXY
2019-08-27,42.79999923706055,41.83000183105469,42.59000015258789,42.349998474121094,7322200.0,39.49007034301758,OXY
2019-08-28,43.34000015258789,42.5099983215332,42.58000183105469,43.11000061035156,7084700.0,40.19874572753906,OXY
2019-08-29,44.11000061035156,43.290000915527344,43.400001525878906,43.369998931884766,6651300.0,40.44118881225586,OXY
2019-08-30,43.880001068115234,42.790000915527344,43.52000045776367,43.47999954223633,6881900.0,40.543758392333984,OXY
2019-09-03,42.97999954223633,42.369998931884766,42.86000061035156,42.68000030517578,6917100.0,39.79779052734375,OXY
2019-09-04,43.849998474121094,43.189998626708984,43.29999923706055,43.58000183105469,4837900.0,40.63700866699219,OXY
2019-09-05,45.34000015258789,43.939998626708984,43.939998626708984,45.09000015258789,9679900.0,42.04503631591797,OXY
2019-09-06,45.810001373291016,44.54999923706055,44.95000076293945,45.459999084472656,10958800.0,42.39004898071289,OXY
2019-09-09,45.130001068115234,44.529998779296875,45.0,44.970001220703125,11069800.0,42.67473602294922,OXY
2019-09-10,46.72999954223633,45.220001220703125,45.29999923706055,46.43000030517578,9770900.0,44.060218811035156,OXY
2019-09-11,46.900001525878906,45.66999816894531,46.5,46.290000915527344,7662900.0,43.927371978759766,OXY
2019-09-12,46.119998931884766,45.18000030517578,45.7599983215332,45.400001525878906,7403700.0,43.082786560058594,OXY
2019-09-13,46.400001525878906,44.959999084472656,46.0,45.09000015258789,11149400.0,42.788612365722656,OXY
2019-09-16,48.849998474121094,47.380001068115234,47.61000061035156,47.79999923706055,24116000.0,45.360294342041016,OXY
2019-09-17,47.95000076293945,45.13999938964844,47.91999816894531,45.150001525878906,15436200.0,42.84555435180664,OXY
2019-09-18,45.18000030517578,44.400001525878906,44.849998474121094,44.619998931884766,9732800.0,42.34260177612305,OXY
2019-09-19,46.209999084472656,44.790000915527344,45.0,45.790000915527344,10491800.0,43.45288848876953,OXY
2019-09-20,46.29999923706055,45.2599983215332,45.9900016784668,45.70000076293945,8589600.0,43.36747741699219,OXY
2019-09-23,45.90999984741211,44.970001220703125,45.36000061035156,45.5,7298300.0,43.17768478393555,OXY
2019-09-24,45.939998626708984,45.119998931884766,45.47999954223633,45.470001220703125,6503800.0,43.14921951293945,OXY
2019-09-25,45.58000183105469,44.70000076293945,45.11000061035156,45.33000183105469,4324500.0,43.01636505126953,OXY
2019-09-26,45.380001068115234,44.40999984741211,45.04999923706055,45.349998474121094,4958800.0,43.035343170166016,OXY
2019-09-27,45.7599983215332,44.79999923706055,45.040000915527344,45.13999938964844,4515900.0,42.836063385009766,OXY
2019-09-30,45.13999938964844,44.130001068115234,45.0,44.470001220703125,6520300.0,42.20025634765625,OXY
2019-10-01,45.41999816894531,43.68000030517578,44.66999816894531,43.77000045776367,5229400.0,41.535987854003906,OXY
2019-10-02,43.68000030517578,42.7400016784668,43.63999938964844,42.939998626708984,6041000.0,40.748348236083984,OXY
2019-10-03,43.400001525878906,42.2599983215332,42.75,43.20000076293945,5679200.0,40.995079040527344,OXY
2019-10-04,43.45000076293945,42.54999923706055,43.099998474121094,43.06999969482422,5109400.0,40.8717155456543,OXY
2019-10-07,43.040000915527344,42.16999816894531,42.900001525878906,42.18000030517578,7449000.0,40.027137756347656,OXY
2019-10-08,42.29999923706055,40.81999969482422,41.900001525878906,40.83000183105469,8741900.0,38.74604797363281,OXY
2019-10-09,41.52000045776367,40.45000076293945,41.36000061035156,40.84000015258789,7057700.0,38.75553512573242,OXY
2019-10-10,41.540000915527344,40.54999923706055,40.95000076293945,41.029998779296875,7686300.0,38.93583679199219,OXY
2019-10-11,41.790000915527344,41.06999969482422,41.5099983215332,41.119998931884766,7375600.0,39.021240234375,OXY
2019-10-14,41.06999969482422,39.970001220703125,41.029998779296875,40.5099983215332,12931400.0,38.4423713684082,OXY
2019-10-15,41.310001373291016,40.27000045776367,40.40999984741211,40.79999923706055,6216600.0,38.71757125854492,OXY
2019-10-16,41.310001373291016,40.31999969482422,40.70000076293945,40.34000015258789,5658900.0,38.28105545043945,OXY
2019-10-17,40.7599983215332,40.06999969482422,40.369998931884766,40.33000183105469,6484300.0,38.27156448364258,OXY
2019-10-18,41.099998474121094,40.349998474121094,40.349998474121094,40.45000076293945,6972400.0,38.385440826416016,OXY
2019-10-21,40.849998474121094,40.279998779296875,40.56999969482422,40.81999969482422,6592300.0,38.73655319213867,OXY
2019-10-22,42.709999084472656,40.77000045776367,40.900001525878906,42.220001220703125,10472400.0,40.06510543823242,OXY
2019-10-23,42.91999816894531,41.84000015258789,42.06999969482422,42.91999816894531,7655800.0,40.7293701171875,OXY
2019-10-24,43.099998474121094,41.90999984741211,43.0,42.290000915527344,7127000.0,40.131526947021484,OXY
2019-10-25,42.959999084472656,42.20000076293945,42.290000915527344,42.529998779296875,5270600.0,40.359275817871094,OXY
2019-10-28,42.9900016784668,42.2599983215332,42.66999816894531,42.279998779296875,4644400.0,40.122032165527344,OXY
2019-10-29,42.599998474121094,41.529998779296875,42.0,42.33000183105469,6373400.0,40.16947937011719,OXY
2019-10-30,42.380001068115234,41.18000030517578,42.33000183105469,41.36000061035156,5558500.0,39.248992919921875,OXY
2019-10-31,41.36000061035156,40.11000061035156,41.22999954223633,40.5,12515400.0,38.432891845703125,OXY
2019-11-01,42.290000915527344,40.7400016784668,40.75,42.290000915527344,9024800.0,40.131526947021484,OXY
2019-11-04,44.619998931884766,42.95000076293945,42.9900016784668,44.22999954223633,13452300.0,41.97250747680664,OXY
2019-11-05,44.040000915527344,40.7599983215332,42.150001525878906,41.90999984741211,19344300.0,39.77091979980469,OXY
2019-11-06,41.709999084472656,39.369998931884766,41.619998931884766,39.61000061035156,17042700.0,37.58831024169922,OXY
2019-11-07,40.65999984741211,38.470001220703125,40.09000015258789,39.029998779296875,15278600.0,37.03791427612305,OXY
2019-11-08,40.20000076293945,38.29999923706055,38.650001525878906,40.099998474121094,13610500.0,38.05330276489258,OXY
2019-11-11,39.33000183105469,38.459999084472656,39.130001068115234,38.880001068115234,14584000.0,36.89556884765625,OXY
2019-11-12,39.25,38.060001373291016,38.900001525878906,38.439998626708984,12823100.0,36.47802734375,OXY
2019-11-13,38.36000061035156,37.959999084472656,38.2599983215332,38.119998931884766,9096500.0,36.17435836791992,OXY
2019-11-14,38.68000030517578,37.599998474121094,38.11000061035156,37.7599983215332,8786400.0,35.832740783691406,OXY
2019-11-15,39.34000015258789,38.5099983215332,39.02000045776367,38.95000076293945,14162200.0,36.96200180053711,OXY
2019-11-18,39.470001220703125,38.540000915527344,39.150001525878906,39.29999923706055,13130200.0,37.29413604736328,OXY
2019-11-19,39.13999938964844,37.939998626708984,39.13999938964844,38.13999938964844,12533200.0,36.19334411621094,OXY
2019-11-20,39.25,37.70000076293945,38.06999969482422,38.47999954223633,10302200.0,36.51598358154297,OXY
2019-11-21,39.380001068115234,38.45000076293945,38.5,39.119998931884766,9308900.0,37.12332534790039,OXY
2019-11-22,39.939998626708984,38.97999954223633,39.20000076293945,39.58000183105469,9467200.0,37.559844970703125,OXY
2019-11-25,40.56999969482422,39.70000076293945,39.77000045776367,39.93000030517578,10264400.0,37.8919792175293,OXY
2019-11-26,39.93000030517578,38.560001373291016,39.79999923706055,38.56999969482422,13362000.0,36.60139465332031,OXY
2019-11-27,38.880001068115234,38.310001373291016,38.61000061035156,38.75,7058500.0,36.7722053527832,OXY
2019-11-29,39.06999969482422,38.5,38.63999938964844,38.56999969482422,4664000.0,36.60139465332031,OXY
2019-12-02,39.15999984741211,38.40999984741211,38.84000015258789,38.68000030517578,10829600.0,36.705780029296875,OXY
2019-12-03,38.439998626708984,37.540000915527344,38.380001068115234,38.02000045776367,11535400.0,36.0794677734375,OXY
2019-12-04,38.790000915527344,38.16999816894531,38.34000015258789,38.45000076293945,10537700.0,36.48752212524414,OXY
2019-12-05,38.79999923706055,37.779998779296875,38.68000030517578,37.97999954223633,9214900.0,36.041507720947266,OXY
2019-12-06,39.029998779296875,38.099998474121094,38.11000061035156,39.0099983215332,10411500.0,37.01893615722656,OXY
2019-12-09,38.08000183105469,37.31999969482422,38.029998779296875,37.34000015258789,17193200.0,36.166587829589844,OXY
2019-12-10,38.04999923706055,37.25,37.5099983215332,37.56999969482422,12617600.0,36.38935852050781,OXY
2019-12-11,37.970001220703125,37.529998779296875,37.540000915527344,37.540000915527344,7861100.0,36.36030578613281,OXY
2019-12-12,38.529998779296875,37.59000015258789,37.63999938964844,38.25,9477300.0,37.04799270629883,OXY
2019-12-13,38.810001373291016,37.65999984741211,38.47999954223633,37.709999084472656,9886500.0,36.524959564208984,OXY
2019-12-16,38.720001220703125,37.97999954223633,37.9900016784668,38.31999969482422,9572400.0,37.11579132080078,OXY
2019-12-17,38.77000045776367,38.13999938964844,38.31999969482422,38.31999969482422,13579300.0,37.11579132080078,OXY
2019-12-18,39.029998779296875,38.310001373291016,38.33000183105469,38.66999816894531,9412200.0,37.45479202270508,OXY
2019-12-19,38.959999084472656,38.459999084472656,38.52000045776367,38.70000076293945,7469200.0,37.483848571777344,OXY
2019-12-20,39.22999954223633,38.529998779296875,38.869998931884766,39.0099983215332,17274200.0,37.78411102294922,OXY
2019-12-23,39.720001220703125,38.9900016784668,39.0099983215332,39.709999084472656,10019000.0,38.46210861206055,OXY
2019-12-24,40.369998931884766,39.720001220703125,39.779998779296875,39.88999938964844,4696300.0,38.636451721191406,OXY
2019-12-26,40.58000183105469,39.9900016784668,40.04999923706055,40.150001525878906,6050000.0,38.88829040527344,OXY
2019-12-27,40.4900016784668,40.130001068115234,40.349998474121094,40.15999984741211,7050800.0,38.897972106933594,OXY
2019-12-30,41.119998931884766,40.15999984741211,40.25,40.70000076293945,10487100.0,39.420997619628906,OXY
2019-12-31,41.220001220703125,40.31999969482422,40.4900016784668,41.209999084472656,10372400.0,39.91497802734375,OXY
2020-01-02,42.689998626708984,41.58000183105469,41.630001068115234,42.58000183105469,13066400.0,41.24192428588867,OXY
2020-01-03,44.25,43.16999816894531,43.810001373291016,43.61000061035156,15097400.0,42.23955535888672,OXY
2020-01-06,45.45000076293945,43.689998626708984,43.97999954223633,45.04999923706055,16659700.0,43.634300231933594,OXY
2020-01-07,45.279998779296875,44.18000030517578,45.08000183105469,45.27000045776367,12084800.0,43.847389221191406,OXY
2020-01-08,45.779998779296875,44.27000045776367,45.540000915527344,44.97999954223633,12250900.0,43.566505432128906,OXY
2020-01-09,45.400001525878906,43.77000045776367,44.849998474121094,45.369998931884766,14635000.0,43.94424819946289,OXY
2020-01-10,46.209999084472656,44.970001220703125,45.25,45.900001525878906,10540000.0,44.45759201049805,OXY
2020-01-13,46.61000061035156,45.52000045776367,46.2599983215332,46.56999969482422,8456100.0,45.10653305053711,OXY
2020-01-14,47.43000030517578,46.709999084472656,46.849998474121094,47.2400016784668,12183900.0,45.75548553466797,OXY
2020-01-15,47.5099983215332,46.79999923706055,47.150001525878906,47.2599983215332,7085700.0,45.77485275268555,OXY
2020-01-16,47.58000183105469,46.619998931884766,47.20000076293945,46.66999816894531,9757600.0,45.203392028808594,OXY
2020-01-17,47.0099983215332,45.650001525878906,46.75,45.83000183105469,14379300.0,44.38979721069336,OXY
2020-01-21,45.45000076293945,44.310001373291016,45.369998931884766,44.31999969482422,10814200.0,42.927242279052734,OXY
2020-01-22,44.040000915527344,42.880001068115234,44.0,43.290000915527344,12953200.0,41.92961120605469,OXY
2020-01-23,42.7400016784668,42.209999084472656,42.619998931884766,42.52000045776367,10789800.0,41.183807373046875,OXY
2020-01-24,42.689998626708984,41.84000015258789,42.470001220703125,42.220001220703125,8797600.0,40.89324188232422,OXY
2020-01-27,41.40999984741211,40.689998626708984,41.02000045776367,41.2400016784668,9303900.0,39.944034576416016,OXY
2020-01-28,41.65999984741211,41.119998931884766,41.630001068115234,41.20000076293945,7206400.0,39.90528869628906,OXY
2020-01-29,41.52000045776367,40.459999084472656,41.310001373291016,40.470001220703125,6653900.0,39.19822692871094,OXY
2020-01-30,40.66999816894531,39.41999816894531,39.939998626708984,40.59000015258789,9509100.0,39.31446075439453,OXY
2020-01-31,40.36000061035156,39.4900016784668,40.099998474121094,39.720001220703125,16035700.0,38.4718017578125,OXY
2020-02-03,40.41999816894531,39.439998626708984,39.70000076293945,40.08000183105469,8731800.0,38.82048416137695,OXY
2020-02-04,41.439998626708984,40.38999938964844,40.939998626708984,40.5,7859600.0,39.227291107177734,OXY
2020-02-05,42.380001068115234,41.209999084472656,41.27000045776367,42.119998931884766,8613200.0,40.7963752746582,OXY
2020-02-06,42.45000076293945,41.56999969482422,42.310001373291016,42.119998931884766,6201500.0,40.7963752746582,OXY
2020-02-07,42.0,41.470001220703125,41.70000076293945,41.88999938964844,5030100.0,40.573604583740234,OXY
2020-02-10,41.560001373291016,40.18000030517578,41.4900016784668,40.5,7915400.0,39.227291107177734,OXY
2020-02-11,42.36000061035156,41.040000915527344,42.150001525878906,41.16999816894531,12132300.0,39.8762321472168,OXY
2020-02-12,42.61000061035156,41.779998779296875,42.400001525878906,42.4900016784668,8214600.0,41.15475082397461,OXY
2020-02-13,42.380001068115234,41.529998779296875,42.09000015258789,42.040000915527344,8402000.0,40.718894958496094,OXY
2020-02-14,42.2400016784668,41.290000915527344,42.06999969482422,41.599998474121094,6401500.0,40.29271697998047,OXY
2020-02-18,41.689998626708984,40.97999954223633,41.599998474121094,41.560001373291016,9519200.0,40.25397872924805,OXY
2020-02-19,42.720001220703125,41.529998779296875,41.86000061035156,42.5099983215332,7536300.0,41.17411804199219,OXY
2020-02-20,43.599998474121094,42.459999084472656,42.70000076293945,42.970001220703125,7728900.0,41.619667053222656,OXY
2020-02-21,42.56999969482422,41.83000183105469,42.54999923706055,42.119998931884766,8921100.0,40.7963752746582,OXY
2020-02-24,40.54999923706055,39.47999954223633,40.5,39.47999954223633,12503100.0,38.23933792114258,OXY
2020-02-25,39.619998931884766,36.0,39.540000915527344,36.189998626708984,22058600.0,35.05272674560547,OXY
2020-02-26,36.439998626708984,34.189998626708984,36.27000045776367,34.220001220703125,22683000.0,33.14463806152344,OXY
2020-02-27,33.56999969482422,31.15999984741211,33.16999816894531,31.809999465942383,23516900.0,30.81036949157715,OXY
2020-02-28,32.779998779296875,29.639999389648438,31.479999542236328,32.7400016784668,24190100.0,31.71114730834961,OXY
2020-03-02,33.65999984741211,31.700000762939453,33.58000183105469,32.95000076293945,17223700.0,31.9145450592041,OXY
2020-03-03,34.630001068115234,32.310001373291016,33.04999923706055,32.9900016784668,19991600.0,31.95328712463379,OXY
2020-03-04,33.25,31.8799991607666,33.25,32.93000030517578,14006600.0,31.895172119140625,OXY
2020-03-05,32.7599983215332,31.09000015258789,32.5,31.479999542236328,19218000.0,30.490739822387695,OXY
2020-03-06,30.209999084472656,26.270000457763672,30.15999984741211,26.860000610351562,38969100.0,26.01592445373535,OXY
2020-03-09,19.190000534057617,12.039999961853027,15.579999923706055,12.510000228881836,104930300.0,12.484051704406738,OXY
2020-03-10,15.5,12.579999923706055,15.399999618530273,14.34000015258789,110525300.0,14.31025505065918,OXY
2020-03-11,13.399999618530273,11.699999809265137,13.119999885559082,11.800000190734863,70436000.0,11.775524139404297,OXY
2020-03-12,14.84000015258789,9.4399995803833,10.229999542236328,11.890000343322754,73141800.0,11.865338325500488,OXY
2020-03-13,14.5600004196167,11.59000015258789,13.3100004196167,14.260000228881836,64910400.0,14.23042106628418,OXY
2020-03-16,13.680000305175781,11.199999809265137,11.399999618530273,12.020000457763672,37309700.0,11.995067596435547,OXY
2020-03-17,12.8100004196167,11.050000190734863,12.380000114440918,11.34000015258789,34731500.0,11.31647777557373,OXY
2020-03-18,10.84000015258789,9.0,10.449999809265137,10.529999732971191,41257200.0,10.508157730102539,OXY
2020-03-19,10.979999542236328,9.399999618530273,10.40999984741211,10.829999923706055,38092500.0,10.807535171508789,OXY
2020-03-20,11.180000305175781,9.550000190734863,11.149999618530273,10.229999542236328,50833300.0,10.208779335021973,OXY
2020-03-23,10.289999961853027,9.470000267028809,10.25,9.6899995803833,36784000.0,9.669899940490723,OXY
2020-03-24,10.770000457763672,9.699999809265137,10.399999618530273,10.720000267028809,42020600.0,10.69776439666748,OXY
2020-03-25,12.640000343322754,10.220000267028809,11.25,12.0,55409600.0,11.975109100341797,OXY
2020-03-26,15.289999961853027,12.0,12.050000190734863,12.829999923706055,70253700.0,12.803386688232422,OXY
2020-03-27,12.380000114440918,11.489999771118164,12.039999961853027,11.609999656677246,34675600.0,11.585917472839355,OXY
2020-03-30,11.449999809265137,10.199999809265137,11.319999694824219,11.010000228881836,44717600.0,10.987163543701172,OXY
2020-03-31,12.079999923706055,11.109999656677246,11.520000457763672,11.579999923706055,35568400.0,11.555980682373047,OXY
2020-04-01,11.170000076293945,10.119999885559082,11.039999961853027,10.739999771118164,39837200.0,10.717721939086914,OXY
2020-04-02,13.90999984741211,11.199999809265137,11.479999542236328,12.770000457763672,79141600.0,12.743512153625488,OXY
2020-04-03,14.199999809265137,11.510000228881836,13.829999923706055,13.0,92062300.0,12.973034858703613,OXY
2020-04-06,13.5,12.430000305175781,12.600000381469727,13.4399995803833,52068100.0,13.41212272644043,OXY
2020-04-07,15.199999809265137,13.619999885559082,14.180000305175781,13.84000015258789,54728600.0,13.81129264831543,OXY
2020-04-08,15.680000305175781,14.050000190734863,14.199999809265137,15.5600004196167,48988600.0,15.527724266052246,OXY
2020-04-09,18.270000457763672,14.270000457763672,16.700000762939453,15.359999656677246,110851100.0,15.328140258789062,OXY
2020-04-13,16.020000457763672,14.770000457763672,15.960000038146973,15.329999923706055,43697500.0,15.298201560974121,OXY
2020-04-14,15.819999694824219,14.640000343322754,15.399999618530273,14.899999618530273,40661000.0,14.869093894958496,OXY
2020-04-15,13.899999618530273,13.0,13.899999618530273,13.609999656677246,47465200.0,13.581769943237305,OXY
2020-04-16,13.65999984741211,12.15999984741211,13.630000114440918,12.199999809265137,40453900.0,12.174694061279297,OXY
2020-04-17,13.649999618530273,12.25,12.329999923706055,13.630000114440918,51691000.0,13.601729393005371,OXY
2020-04-20,13.220000267028809,11.899999618530273,12.039999961853027,12.59000015258789,74975500.0,12.563885688781738,OXY
2020-04-21,12.390000343322754,11.5,12.0,12.34000015258789,62591200.0,12.314404487609863,OXY
2020-04-22,13.369999885559082,12.75,13.079999923706055,13.020000457763672,44568100.0,12.992993354797363,OXY
2020-04-23,14.399999618530273,13.359999656677246,13.420000076293945,13.869999885559082,55054600.0,13.841229438781738,OXY
2020-04-24,14.5,13.479999542236328,14.180000305175781,13.8100004196167,41030000.0,13.781354904174805,OXY
2020-04-27,14.289999961853027,12.75,13.350000381469727,14.149999618530273,39972500.0,14.120649337768555,OXY
2020-04-28,15.260000228881836,14.300000190734863,14.460000038146973,15.170000076293945,46179400.0,15.138534545898438,OXY
2020-04-29,16.8799991607666,15.819999694824219,15.9399995803833,16.780000686645508,59582800.0,16.745195388793945,OXY
2020-04-30,17.239999771118164,15.850000381469727,16.889999389648438,16.600000381469727,44491700.0,16.565568923950195,OXY
2020-05-01,16.420000076293945,15.09000015258789,16.020000457763672,15.239999771118164,36902400.0,15.208389282226562,OXY
2020-05-04,15.569999694824219,14.15999984741211,14.369999885559082,15.520000457763672,37197400.0,15.487807273864746,OXY
2020-05-05,16.809999465942383,15.0,16.459999084472656,15.319999694824219,49502200.0,15.288223266601562,OXY
2020-05-06,15.960000038146973,13.390000343322754,15.510000228881836,13.399999618530273,57659000.0,13.37220573425293,OXY
2020-05-07,14.520000457763672,13.699999809265137,13.859999656677246,13.880000114440918,35565400.0,13.85120964050293,OXY
2020-05-08,15.050000190734863,14.100000381469727,14.3100004196167,15.020000457763672,31352400.0,14.988844871520996,OXY
2020-05-11,15.25,14.640000343322754,14.890000343322754,15.029999732971191,22899400.0,14.998823165893555,OXY
2020-05-12,15.380000114440918,14.5600004196167,15.260000228881836,14.579999923706055,27103700.0,14.549757957458496,OXY
2020-05-13,14.649999618530273,13.279999732971191,14.649999618530273,13.4399995803833,35258100.0,13.41212272644043,OXY
2020-05-14,14.149999618530273,12.75,13.149999618530273,13.760000228881836,32064000.0,13.73145866394043,OXY
2020-05-15,14.279999732971191,13.510000228881836,13.6899995803833,13.819999694824219,27756400.0,13.79133415222168,OXY
2020-05-18,15.229999542236328,14.65999984741211,14.800000190734863,15.069999694824219,39943800.0,15.038741111755371,OXY
2020-05-19,15.1899995803833,14.359999656677246,15.1899995803833,14.369999885559082,28708600.0,14.340192794799805,OXY
2020-05-20,15.149999618530273,14.5600004196167,14.739999771118164,14.989999771118164,29203100.0,14.958906173706055,OXY
2020-05-21,15.15999984741211,14.1899995803833,15.0,14.25,35671400.0,14.220441818237305,OXY
2020-05-22,14.239999771118164,13.670000076293945,14.15999984741211,14.130000114440918,26334300.0,14.100691795349121,OXY
2020-05-26,14.770000457763672,14.210000038146973,14.699999809265137,14.399999618530273,28033000.0,14.37013053894043,OXY
2020-05-27,14.699999809265137,13.8100004196167,14.699999809265137,14.420000076293945,31403000.0,14.39008903503418,OXY
2020-05-28,14.430000305175781,13.5600004196167,14.390000343322754,13.640000343322754,39856900.0,13.611706733703613,OXY
2020-05-29,13.539999961853027,12.720000267028809,13.539999961853027,12.949999809265137,61378500.0,12.923138618469238,OXY
2020-06-01,13.899999618530273,12.670000076293945,12.899999618530273,13.8100004196167,36714900.0,13.781354904174805,OXY
2020-06-02,14.75,13.90999984741211,14.020000457763672,14.75,40165900.0,14.719405174255371,OXY
2020-06-03,15.609999656677246,15.039999961853027,15.34000015258789,15.449999809265137,41191600.0,15.417952537536621,OXY
2020-06-04,15.699999809265137,14.59000015258789,15.079999923706055,15.550000190734863,39027900.0,15.517745971679688,OXY
2020-06-05,20.850000381469727,17.809999465942383,17.899999618530273,20.790000915527344,119073400.0,20.746877670288086,OXY
2020-06-08,24.5,22.0,23.530000686645508,24.399999618530273,131285800.0,24.349388122558594,OXY
2020-06-09,23.459999084472656,20.479999542236328,22.75,23.18000030517578,71936800.0,23.131919860839844,OXY
2020-06-10,22.350000381469727,20.75,22.020000457763672,20.760000228881836,50740500.0,20.716938018798828,OXY
2020-06-11,19.18000030517578,17.260000228881836,17.84000015258789,17.40999984741211,61262900.0,17.37388801574707,OXY
2020-06-12,19.600000381469727,17.649999618530273,18.8799991607666,18.5,44877500.0,18.472238540649414,OXY
2020-06-15,19.459999084472656,17.100000381469727,17.34000015258789,19.049999237060547,46134000.0,19.02140998840332,OXY
2020-06-16,20.950000762939453,19.1299991607666,20.469999313354492,20.290000915527344,57505000.0,20.259552001953125,OXY
2020-06-17,20.049999237060547,19.040000915527344,19.90999984741211,19.040000915527344,38259600.0,19.01142692565918,OXY
2020-06-18,20.31999969482422,18.649999618530273,18.81999969482422,19.670000076293945,36051700.0,19.640480041503906,OXY
2020-06-19,20.959999084472656,19.670000076293945,20.700000762939453,19.709999084472656,70262400.0,19.680421829223633,OXY
2020-06-22,20.110000610351562,19.389999389648438,19.850000381469727,19.90999984741211,30116700.0,19.8801212310791,OXY
2020-06-23,20.520000457763672,19.6299991607666,20.260000228881836,19.790000915527344,33856800.0,19.760303497314453,OXY
2020-06-24,19.31999969482422,17.670000076293945,19.239999771118164,18.0,32322000.0,17.97298812866211,OXY
2020-06-25,18.899999618530273,17.549999237060547,17.799999237060547,18.540000915527344,23327600.0,18.512178421020508,OXY
2020-06-26,18.350000381469727,17.350000381469727,18.200000762939453,17.690000534057617,31831900.0,17.663454055786133,OXY
2020-06-29,18.010000228881836,17.34000015258789,17.850000381469727,17.860000610351562,24504500.0,17.83319854736328,OXY
2020-06-30,18.350000381469727,17.270000457763672,17.770000457763672,18.299999237060547,26525200.0,18.272537231445312,OXY
2020-07-01,18.829999923706055,17.40999984741211,18.31999969482422,17.40999984741211,32856700.0,17.383872985839844,OXY
2020-07-02,18.6299991607666,17.610000610351562,17.920000076293945,17.780000686645508,28073400.0,17.753318786621094,OXY
2020-07-06,18.540000915527344,17.780000686645508,18.209999084472656,18.18000030517578,23933200.0,18.15271759033203,OXY
2020-07-07,17.940000534057617,17.139999389648438,17.899999618530273,17.149999618530273,20117700.0,17.1242618560791,OXY
2020-07-08,17.469999313354492,16.709999084472656,17.270000457763672,17.280000686645508,20482300.0,17.25406837463379,OXY
2020-07-09,17.260000228881836,16.260000228881836,17.200000762939453,16.280000686645508,22124600.0,16.255569458007812,OXY
2020-07-10,16.75,15.949999809265137,16.059999465942383,16.709999084472656,17584200.0,16.68492317199707,OXY
2020-07-13,16.809999465942383,16.0,16.760000228881836,16.15999984741211,21665700.0,16.1357479095459,OXY
2020-07-14,16.760000228881836,15.75,15.949999809265137,16.68000030517578,19740500.0,16.65496826171875,OXY
2020-07-15,17.729999542236328,16.899999618530273,17.290000915527344,17.18000030517578,22801400.0,17.154218673706055,OXY
2020-07-16,17.399999618530273,16.56999969482422,16.899999618530273,17.010000228881836,15463000.0,16.984474182128906,OXY
2020-07-17,17.350000381469727,16.15999984741211,17.040000915527344,16.280000686645508,21065900.0,16.255569458007812,OXY
2020-07-20,16.450000762939453,15.680000305175781,16.25,15.6899995803833,21260200.0,15.66645336151123,OXY
2020-07-21,18.030000686645508,16.06999969482422,16.1200008392334,17.40999984741211,44473200.0,17.383872985839844,OXY
2020-07-22,17.139999389648438,16.649999618530273,17.1200008392334,16.950000762939453,16994300.0,16.924564361572266,OXY
2020-07-23,17.079999923706055,16.56999969482422,16.709999084472656,16.81999969482422,14044100.0,16.794757843017578,OXY
2020-07-24,17.280000686645508,16.6299991607666,16.81999969482422,16.739999771118164,12779100.0,16.71487808227539,OXY
2020-07-27,16.899999618530273,16.40999984741211,16.729999542236328,16.700000762939453,13963300.0,16.67494010925293,OXY
2020-07-28,16.780000686645508,16.309999465942383,16.479999542236328,16.350000381469727,12859500.0,16.325462341308594,OXY
2020-07-29,17.040000915527344,16.450000762939453,16.530000686645508,17.030000686645508,16384000.0,17.004444122314453,OXY
2020-07-30,16.6299991607666,15.75,16.549999237060547,15.770000457763672,29336400.0,15.74633502960205,OXY
2020-07-31,16.549999237060547,15.40999984741211,16.549999237060547,15.739999771118164,15454900.0,15.716379165649414,OXY
2020-08-03,15.760000228881836,15.100000381469727,15.75,15.25,22888000.0,15.2271146774292,OXY
2020-08-04,16.0,15.130000114440918,15.149999618530273,15.739999771118164,21703200.0,15.716379165649414,OXY
2020-08-05,16.489999771118164,15.859999656677246,16.420000076293945,15.9399995803833,24675500.0,15.916078567504883,OXY
2020-08-06,16.010000228881836,15.390000343322754,15.90999984741211,15.449999809265137,18745100.0,15.426814079284668,OXY
2020-08-07,15.5600004196167,14.960000038146973,15.460000038146973,15.449999809265137,20949800.0,15.426814079284668,OXY
2020-08-10,16.479999542236328,15.619999885559082,15.670000076293945,16.479999542236328,26718500.0,16.45526885986328,OXY
2020-08-11,16.739999771118164,15.100000381469727,16.440000534057617,15.15999984741211,41894000.0,15.137249946594238,OXY
2020-08-12,15.550000190734863,14.850000381469727,15.5,14.920000076293945,31798800.0,14.89760971069336,OXY
2020-08-13,15.25,14.539999961853027,14.949999809265137,14.600000381469727,28459100.0,14.578089714050293,OXY
2020-08-14,14.720000267028809,14.359999656677246,14.5,14.640000343322754,21267200.0,14.618029594421387,OXY
2020-08-17,14.510000228881836,13.729999542236328,14.470000267028809,13.90999984741211,31108800.0,13.889124870300293,OXY
2020-08-18,14.1899995803833,13.829999923706055,13.930000305175781,13.949999809265137,16758400.0,13.929064750671387,OXY
2020-08-19,14.119999885559082,13.75,13.930000305175781,13.819999694824219,18143400.0,13.799260139465332,OXY
2020-08-20,13.729999542236328,13.25,13.520000457763672,13.399999618530273,21869700.0,13.379890441894531,OXY
2020-08-21,13.420000076293945,12.930000305175781,13.390000343322754,13.15999984741211,22666000.0,13.140251159667969,OXY
2020-08-24,13.729999542236328,13.029999732971191,13.130000114440918,13.619999885559082,18722900.0,13.599560737609863,OXY
2020-08-25,14.029999732971191,13.3100004196167,13.8100004196167,13.510000228881836,16296300.0,13.489726066589355,OXY
2020-08-26,13.470000267028809,12.949999809265137,13.420000076293945,12.960000038146973,19787700.0,12.940550804138184,OXY
2020-08-27,13.140000343322754,12.720000267028809,13.020000457763672,13.039999961853027,20130100.0,13.020430564880371,OXY
2020-08-28,13.229999542236328,12.890000343322754,12.960000038146973,13.130000114440918,14105800.0,13.110296249389648,OXY
2020-08-31,13.170000076293945,12.729999542236328,13.15999984741211,12.739999771118164,17913800.0,12.720881462097168,OXY
2020-09-01,12.619999885559082,12.329999923706055,12.59000015258789,12.479999542236328,23054200.0,12.461271286010742,OXY
2020-09-02,12.65999984741211,12.279999732971191,12.319999694824219,12.399999618530273,19131800.0,12.381391525268555,OXY
2020-09-03,12.899999618530273,12.350000381469727,12.350000381469727,12.59000015258789,26076900.0,12.571106910705566,OXY
2020-09-04,12.84000015258789,12.119999885559082,12.720000267028809,12.25,22767800.0,12.231616973876953,OXY
2020-09-08,11.979999542236328,11.020000457763672,11.869999885559082,11.0600004196167,36644800.0,11.043402671813965,OXY
2020-09-09,11.210000038146973,10.899999618530273,11.210000038146973,11.069999694824219,22103500.0,11.053386688232422,OXY
2020-09-10,11.079999923706055,10.180000305175781,11.050000190734863,10.1899995803833,43466300.0,10.174707412719727,OXY
2020-09-11,10.359999656677246,9.829999923706055,10.1899995803833,10.220000267028809,35175700.0,10.204663276672363,OXY
2020-09-14,10.380000114440918,9.930000305175781,10.220000267028809,10.170000076293945,25198900.0,10.164684295654297,OXY
2020-09-15,10.890000343322754,10.199999809265137,10.229999542236328,10.710000038146973,34684800.0,10.704401969909668,OXY
2020-09-16,12.029999732971191,10.65999984741211,10.869999885559082,11.640000343322754,53161800.0,11.633915901184082,OXY
2020-09-17,12.029999732971191,11.170000076293945,11.199999809265137,11.859999656677246,27860600.0,11.853799819946289,OXY
2020-09-18,12.09000015258789,11.470000267028809,11.789999961853027,11.649999618530273,40722900.0,11.643909454345703,OXY
2020-09-21,11.319999694824219,10.899999618530273,11.09000015258789,11.289999961853027,23028100.0,11.284098625183105,OXY
2020-09-22,11.59000015258789,11.029999732971191,11.329999923706055,11.079999923706055,17454800.0,11.07420825958252,OXY
2020-09-23,11.270000457763672,10.390000343322754,11.130000114440918,10.40999984741211,24502800.0,10.404558181762695,OXY
2020-09-24,10.869999885559082,10.15999984741211,10.34000015258789,10.640000343322754,22870400.0,10.634438514709473,OXY
2020-09-25,10.579999923706055,10.109999656677246,10.460000038146973,10.220000267028809,30812500.0,10.2146577835083,OXY
2020-09-28,10.649999618530273,10.3100004196167,10.420000076293945,10.34000015258789,22622600.0,10.3345947265625,OXY
2020-09-29,10.350000381469727,9.869999885559082,10.34000015258789,9.989999771118164,29525300.0,9.984777450561523,OXY
2020-09-30,10.270000457763672,9.9399995803833,10.020000457763672,10.010000228881836,23346300.0,10.004767417907715,OXY
2020-10-01,9.979999542236328,9.569999694824219,9.970000267028809,9.680000305175781,32990300.0,9.67494010925293,OXY
2020-10-02,9.899999618530273,9.229999542236328,9.25,9.869999885559082,28572300.0,9.864840507507324,OXY
2020-10-05,10.520000457763672,10.010000228881836,10.100000381469727,10.510000228881836,24671000.0,10.50450611114502,OXY
2020-10-06,10.779999732971191,10.039999961853027,10.670000076293945,10.130000114440918,29493800.0,10.124704360961914,OXY
2020-10-07,10.319999694824219,10.119999885559082,10.229999542236328,10.279999732971191,17454800.0,10.274625778198242,OXY
2020-10-08,11.199999809265137,10.329999923706055,10.40999984741211,11.180000305175781,27490300.0,11.174156188964844,OXY
2020-10-09,11.34000015258789,10.739999771118164,11.199999809265137,10.819999694824219,26633400.0,10.814343452453613,OXY
2020-10-12,10.850000381469727,10.399999618530273,10.640000343322754,10.8100004196167,18540200.0,10.804349899291992,OXY
2020-10-13,10.960000038146973,10.4399995803833,10.760000228881836,10.520000457763672,15524300.0,10.514501571655273,OXY
2020-10-14,10.949999809265137,10.4399995803833,10.520000457763672,10.449999809265137,20106700.0,10.444537162780762,OXY
2020-10-15,10.609999656677246,10.0,10.229999542236328,10.609999656677246,18906900.0,10.604453086853027,OXY
2020-10-16,10.529999732971191,10.069999694824219,10.510000228881836,10.09000015258789,19244700.0,10.084725379943848,OXY
2020-10-19,10.210000038146973,9.8100004196167,10.1899995803833,9.819999694824219,22074700.0,9.814866065979004,OXY
2020-10-20,10.199999809265137,9.829999923706055,9.920000076293945,10.069999694824219,17400100.0,10.064735412597656,OXY
2020-10-21,9.960000038146973,9.65999984741211,9.859999656677246,9.65999984741211,22783400.0,9.654950141906738,OXY
2020-10-22,10.199999809265137,9.65999984741211,9.699999809265137,10.170000076293945,25219200.0,10.164684295654297,OXY
2020-10-23,10.359999656677246,9.899999618530273,10.25,10.020000457763672,19872400.0,10.014762878417969,OXY
2020-10-26,9.84000015258789,9.34000015258789,9.789999961853027,9.460000038146973,26754800.0,9.455055236816406,OXY
2020-10-27,9.5,9.270000457763672,9.399999618530273,9.270000457763672,20727700.0,9.265154838562012,OXY
2020-10-28,9.15999984741211,8.779999732971191,8.979999542236328,8.880000114440918,30986800.0,8.875358581542969,OXY
2020-10-29,9.180000305175781,8.520000457763672,8.699999809265137,9.130000114440918,28731900.0,9.125227928161621,OXY
2020-10-30,9.1899995803833,8.850000381469727,9.0,9.130000114440918,23078900.0,9.125227928161621,OXY
2020-11-02,9.800000190734863,9.029999732971191,9.260000228881836,9.649999618530273,28544100.0,9.6449556350708,OXY
2020-11-03,10.010000228881836,9.59000015258789,9.890000343322754,9.6899995803833,19259100.0,9.684934616088867,OXY
2020-11-04,9.989999771118164,9.319999694824219,9.65999984741211,9.8100004196167,22377000.0,9.804872512817383,OXY
2020-11-05,10.619999885559082,9.770000457763672,9.770000457763672,10.470000267028809,35111200.0,10.464527130126953,OXY
2020-11-06,10.470000267028809,9.9399995803833,10.34000015258789,10.010000228881836,21645300.0,10.004767417907715,OXY
2020-11-09,12.699999809265137,11.4399995803833,11.550000190734863,12.229999542236328,60444800.0,12.22360610961914,OXY
2020-11-10,12.449999809265137,11.649999618530273,12.079999923706055,12.380000114440918,31413900.0,12.373528480529785,OXY
2020-11-11,12.699999809265137,11.739999771118164,12.6899995803833,11.899999618530273,28596700.0,11.893778800964355,OXY
2020-11-12,11.960000038146973,11.1899995803833,11.579999923706055,11.3100004196167,19566200.0,11.304088592529297,OXY
2020-11-13,11.930000305175781,11.369999885559082,11.399999618530273,11.800000190734863,16880400.0,11.793831825256348,OXY
2020-11-16,12.710000038146973,12.25,12.5,12.699999809265137,24354800.0,12.693361282348633,OXY
2020-11-17,12.989999771118164,12.260000228881836,12.359999656677246,12.989999771118164,18665700.0,12.983209609985352,OXY
2020-11-18,13.720000267028809,12.859999656677246,13.079999923706055,12.869999885559082,29659900.0,12.863272666931152,OXY
2020-11-19,13.420000076293945,12.5600004196167,12.670000076293945,13.359999656677246,20162700.0,13.353015899658203,OXY
2020-11-20,13.710000038146973,13.300000190734863,13.6899995803833,13.489999771118164,20149800.0,13.482948303222656,OXY
2020-11-23,15.8100004196167,13.829999923706055,13.850000381469727,15.760000228881836,44957100.0,15.751762390136719,OXY
2020-11-24,17.270000457763672,16.309999465942383,16.969999313354492,16.780000686645508,54355000.0,16.771228790283203,OXY
2020-11-25,17.100000381469727,15.9399995803833,16.649999618530273,16.719999313354492,29706200.0,16.711259841918945,OXY
2020-11-27,16.950000762939453,16.34000015258789,16.719999313354492,16.559999465942383,13272500.0,16.55134391784668,OXY
2020-11-30,16.549999237060547,15.720000267028809,16.239999771118164,15.760000228881836,31056400.0,15.751762390136719,OXY
2020-12-01,16.139999389648438,14.970000267028809,15.899999618530273,15.130000114440918,31362700.0,15.122091293334961,OXY
2020-12-02,16.510000228881836,14.770000457763672,14.920000076293945,15.890000343322754,33045500.0,15.881693840026855,OXY
2020-12-03,16.739999771118164,15.65999984741211,16.030000686645508,16.389999389648438,26614800.0,16.381431579589844,OXY
2020-12-04,18.610000610351562,16.899999618530273,16.90999984741211,18.59000015258789,52874500.0,18.58028221130371,OXY
2020-12-07,18.68000030517578,17.549999237060547,17.829999923706055,18.190000534057617,32247800.0,18.180492401123047,OXY
2020-12-08,19.299999237060547,17.81999969482422,17.860000610351562,19.1299991607666,32923800.0,19.119998931884766,OXY
2020-12-09,20.399999618530273,18.81999969482422,19.649999618530273,19.389999389648438,44634800.0,19.389999389648438,OXY
2020-12-10,21.610000610351562,19.299999237060547,19.399999618530273,21.309999465942383,52292600.0,21.309999465942383,OXY
2020-12-11,21.350000381469727,20.350000381469727,21.209999084472656,20.889999389648438,30941000.0,20.889999389648438,OXY
2020-12-14,21.649999618530273,19.079999923706055,21.43000030517578,19.170000076293945,36149200.0,19.170000076293945,OXY
2020-12-15,20.18000030517578,18.81999969482422,19.559999465942383,19.84000015258789,26899300.0,19.84000015258789,OXY
2020-12-16,19.8799991607666,19.239999771118164,19.770000457763672,19.450000762939453,17050800.0,19.450000762939453,OXY
2020-12-17,19.770000457763672,19.100000381469727,19.719999313354492,19.18000030517578,17630800.0,19.18000030517578,OXY
2020-12-18,19.479999542236328,18.450000762939453,19.06999969482422,18.520000457763672,38206600.0,18.520000457763672,OXY
2020-12-21,18.030000686645508,16.940000534057617,17.010000228881836,17.469999313354492,29666900.0,17.469999313354492,OXY
2020-12-22,17.56999969482422,16.8799991607666,17.5,16.920000076293945,21507600.0,16.920000076293945,OXY
2020-12-23,18.389999389648438,17.049999237060547,17.1299991607666,17.889999389648438,24012800.0,17.889999389648438,OXY
2020-12-24,18.170000076293945,17.399999618530273,18.170000076293945,17.670000076293945,9203900.0,17.670000076293945,OXY
2020-12-28,18.110000610351562,17.350000381469727,17.719999313354492,17.399999618530273,14617500.0,17.399999618530273,OXY
2020-12-29,17.790000915527344,17.09000015258789,17.59000015258789,17.239999771118164,18074000.0,17.239999771118164,OXY
2020-12-30,18.139999389648438,17.139999389648438,17.209999084472656,17.90999984741211,16517200.0,17.90999984741211,OXY
2020-12-31,17.920000076293945,17.299999237060547,17.809999465942383,17.309999465942383,15181700.0,17.309999465942383,OXY
